"Longitude (x)","Latitude (y)","Station Name","Climate ID","Date/Time","Year","Month","Day","Time","Temp (°C)","Temp Flag","Dew Point Temp (°C)","Dew Point Temp Flag","Rel Hum (%)","Rel Hum Flag","Wind Dir (10s deg)","Wind Dir Flag","Wind Spd (km/h)","Wind Spd Flag","Visibility (km)","Visibility Flag","Stn Press (kPa)","Stn Press Flag","Hmdx","Hmdx Flag","Wind Chill","Wind Chill Flag","Weather"
"-79.37","43.86","TORONTO BUTTONVILLE A","6158409","2020-05-01 00:00","2020","05","01","00:00","9.9","","9.5","","98","","25","","2","","","M","98.17","","","","","","NA"
"-79.37","43.86","TORONTO BUTTONVILLE A","6158409","2020-05-01 01:00","2020","05","01","01:00","10.0","","9.6","","97","","0","","1","","","M","98.16","","","","","","NA"
"-79.37","43.86","TORONTO BUTTONVILLE A","6158409","2020-05-01 02:00","2020","05","01","02:00","10.3","","9.8","","97","","26","","4","","","M","98.18","","","","","","NA"
"-79.37","43.86","TORONTO BUTTONVILLE A","6158409","2020-05-01 03:00","2020","05","01","03:00","10.4","","9.9","","97","","26","","4","","","M","98.21","","","","","","NA"
"-79.37","43.86","TORONTO BUTTONVILLE A","6158409","2020-05-01 04:00","2020","05","01","04:00","10.4","","9.8","","96","","28","","7","","","M","98.27","","","","","","NA"
"-79.37","43.86","TORONTO BUTTONVILLE A","6158409","2020-05-01 05:00","2020","05","01","05:00","9.3","","8.4","","95","","32","","17","","","M","98.30","","","","","","NA"
"-79.37","43.86","TORONTO BUTTONVILLE A","6158409","2020-05-01 06:00","2020","05","01","06:00","8.7","","8.0","","95","","32","","17","","","M","98.40","","","","","","NA"
"-79.37","43.86","TORONTO BUTTONVILLE A","6158409","2020-05-01 07:00","2020","05","01","07:00","8.4","","7.3","","92","","33","","14","","","M","98.47","","","","","","NA"
"-79.37","43.86","TORONTO BUTTONVILLE A","6158409","2020-05-01 08:00","2020","05","01","08:00","7.7","","6.5","","92","","34","","16","","","M","98.56","","","","","","NA"
"-79.37","43.86","TORONTO BUTTONVILLE A","6158409","2020-05-01 09:00","2020","05","01","09:00","8.1","","6.6","","90","","34","","22","","","M","98.64","","","","","","NA"
"-79.37","43.86","TORONTO BUTTONVILLE A","6158409","2020-05-01 10:00","2020","05","01","10:00","8.5","","6.5","","87","","33","","22","","","M","98.71","","","","","","NA"
"-79.37","43.86","TORONTO BUTTONVILLE A","6158409","2020-05-01 11:00","2020","05","01","11:00","8.7","","6.3","","84","","35","","26","","","M","98.77","","","","","","NA"
"-79.37","43.86","TORONTO BUTTONVILLE A","6158409","2020-05-01 12:00","2020","05","01","12:00","9.2","","6.4","","82","","33","","16","","","M","98.81","","","","","","NA"
"-79.37","43.86","TORONTO BUTTONVILLE A","6158409","2020-05-01 13:00","2020","05","01","13:00","11.4","","6.5","","71","","35","","28","","","M","98.82","","","","","","NA"
"-79.37","43.86","TORONTO BUTTONVILLE A","6158409","2020-05-01 14:00","2020","05","01","14:00","13.8","","6.1","","59","","35","","30","","","M","98.83","","","","","","NA"
"-79.37","43.86","TORONTO BUTTONVILLE A","6158409","2020-05-01 15:00","2020","05","01","15:00","14.7","","5.0","","52","","1","","26","","","M","98.82","","","","","","NA"
"-79.37","43.86","TORONTO BUTTONVILLE A","6158409","2020-05-01 16:00","2020","05","01","16:00","15.1","","6.6","","57","","34","","20","","","M","98.85","","","","","","NA"
"-79.37","43.86","TORONTO BUTTONVILLE A","6158409","2020-05-01 17:00","2020","05","01","17:00","14.6","","4.9","","52","","35","","29","","","M","98.87","","","","","","NA"
"-79.37","43.86","TORONTO BUTTONVILLE A","6158409","2020-05-01 18:00","2020","05","01","18:00","14.3","","3.0","","46","","32","","22","","","M","98.92","","","","","","NA"
"-79.37","43.86","TORONTO BUTTONVILLE A","6158409","2020-05-01 19:00","2020","05","01","19:00","13.1","","2.5","","49","","33","","19","","","M","99.01","","","","","","NA"
"-79.37","43.86","TORONTO BUTTONVILLE A","6158409","2020-05-01 20:00","2020","05","01","20:00","11.4","","2.7","","55","","33","","13","","","M","99.10","","","","","","NA"
"-79.37","43.86","TORONTO BUTTONVILLE A","6158409","2020-05-01 21:00","2020","05","01","21:00","10.0","","2.2","","58","","35","","8","","","M","99.15","","","","","","NA"
"-79.37","43.86","TORONTO BUTTONVILLE A","6158409","2020-05-01 22:00","2020","05","01","22:00","9.5","","1.9","","59","","34","","5","","","M","99.15","","","","","","NA"
"-79.37","43.86","TORONTO BUTTONVILLE A","6158409","2020-05-01 23:00","2020","05","01","23:00","7.8","","1.9","","66","","29","","5","","","M","99.19","","","","","","NA"
"-79.37","43.86","TORONTO BUTTONVILLE A","6158409","2020-05-02 00:00","2020","05","02","00:00","8.8","","2.0","","63","","29","","5","","","M","99.21","","","","","","NA"
"-79.37","43.86","TORONTO BUTTONVILLE A","6158409","2020-05-02 01:00","2020","05","02","01:00","6.5","","2.1","","73","","24","","4","","","M","99.21","","","","","","NA"
"-79.37","43.86","TORONTO BUTTONVILLE A","6158409","2020-05-02 02:00","2020","05","02","02:00","5.5","","1.9","","77","","25","","2","","","M","99.18","","","","","","NA"
"-79.37","43.86","TORONTO BUTTONVILLE A","6158409","2020-05-02 03:00","2020","05","02","03:00","5.4","","2.0","","79","","25","","3","","","M","99.20","","","","","","NA"
"-79.37","43.86","TORONTO BUTTONVILLE A","6158409","2020-05-02 04:00","2020","05","02","04:00","4.9","","1.2","","77","","23","","2","","","M","99.22","","","","","","NA"
"-79.37","43.86","TORONTO BUTTONVILLE A","6158409","2020-05-02 05:00","2020","05","02","05:00","4.9","","0.8","","75","","25","","2","","","M","99.22","","","","","","NA"
"-79.37","43.86","TORONTO BUTTONVILLE A","6158409","2020-05-02 06:00","2020","05","02","06:00","6.6","","1.5","","69","","20","","3","","","M","99.25","","","","","","NA"
"-79.37","43.86","TORONTO BUTTONVILLE A","6158409","2020-05-02 07:00","2020","05","02","07:00","10.3","","3.3","","62","","17","","1","","","M","99.26","","","","","","NA"
"-79.37","43.86","TORONTO BUTTONVILLE A","6158409","2020-05-02 08:00","2020","05","02","08:00","13.6","","2.5","","47","","18","","8","","","M","99.24","","","","","","NA"
"-79.37","43.86","TORONTO BUTTONVILLE A","6158409","2020-05-02 09:00","2020","05","02","09:00","15.1","","1.3","","39","","20","","8","","","M","99.21","","","","","","NA"
"-79.37","43.86","TORONTO BUTTONVILLE A","6158409","2020-05-02 10:00","2020","05","02","10:00","17.7","","3.9","","40","","19","","15","","","M","99.16","","","","","","NA"
"-79.37","43.86","TORONTO BUTTONVILLE A","6158409","2020-05-02 11:00","2020","05","02","11:00","15.2","","3.5","","45","","19","","15","","","M","99.16","","","","","","NA"
"-79.37","43.86","TORONTO BUTTONVILLE A","6158409","2020-05-02 12:00","2020","05","02","12:00","16.0","","1.0","","36","","22","","17","","","M","99.08","","","","","","NA"
"-79.37","43.86","TORONTO BUTTONVILLE A","6158409","2020-05-02 13:00","2020","05","02","13:00","15.4","","2.1","","41","","19","","17","","","M","98.96","","","","","","NA"
"-79.37","43.86","TORONTO BUTTONVILLE A","6158409","2020-05-02 14:00","2020","05","02","14:00","13.9","","0.9","","41","","19","","24","","","M","98.86","","","","","","NA"
"-79.37","43.86","TORONTO BUTTONVILLE A","6158409","2020-05-02 15:00","2020","05","02","15:00","13.5","","3.5","","51","","19","","16","","","M","98.86","","","","","","NA"
"-79.37","43.86","TORONTO BUTTONVILLE A","6158409","2020-05-02 16:00","2020","05","02","16:00","12.6","","6.4","","66","","15","","14","","","M","98.62","","","","","","NA"
"-79.37","43.86","TORONTO BUTTONVILLE A","6158409","2020-05-02 17:00","2020","05","02","17:00","13.2","","7.4","","68","","14","","12","","","M","98.61","","","","","","NA"
"-79.37","43.86","TORONTO BUTTONVILLE A","6158409","2020-05-02 18:00","2020","05","02","18:00","12.1","","6.8","","70","","14","","11","","","M","98.52","","","","","","NA"
"-79.37","43.86","TORONTO BUTTONVILLE A","6158409","2020-05-02 19:00","2020","05","02","19:00","11.4","","5.9","","69","","14","","12","","","M","98.51","","","","","","NA"
"-79.37","43.86","TORONTO BUTTONVILLE A","6158409","2020-05-02 20:00","2020","05","02","20:00","10.4","","5.5","","71","","12","","13","","","M","98.46","","","","","","NA"
"-79.37","43.86","TORONTO BUTTONVILLE A","6158409","2020-05-02 21:00","2020","05","02","21:00","9.1","","4.6","","73","","9","","11","","","M","98.47","","","","","","NA"
"-79.37","43.86","TORONTO BUTTONVILLE A","6158409","2020-05-02 22:00","2020","05","02","22:00","8.7","","4.5","","75","","9","","9","","","M","98.32","","","","","","NA"
"-79.37","43.86","TORONTO BUTTONVILLE A","6158409","2020-05-02 23:00","2020","05","02","23:00","7.9","","4.7","","80","","34","","7","","","M","98.33","","","","","","NA"
"-79.37","43.86","TORONTO BUTTONVILLE A","6158409","2020-05-03 00:00","2020","05","03","00:00","7.3","","4.7","","83","","31","","7","","","M","98.31","","","","","","NA"
"-79.37","43.86","TORONTO BUTTONVILLE A","6158409","2020-05-03 01:00","2020","05","03","01:00","12.6","","7.5","","70","","33","","23","","","M","98.30","","","","","","NA"
"-79.37","43.86","TORONTO BUTTONVILLE A","6158409","2020-05-03 02:00","2020","05","03","02:00","10.9","","6.6","","74","","34","","15","","","M","98.25","","","","","","NA"
"-79.37","43.86","TORONTO BUTTONVILLE A","6158409","2020-05-03 03:00","2020","05","03","03:00","10.6","","6.7","","77","","30","","7","","","M","98.29","","","","","","NA"
"-79.37","43.86","TORONTO BUTTONVILLE A","6158409","2020-05-03 04:00","2020","05","03","04:00","7.8","","5.9","","88","","23","","5","","","M","98.34","","","","","","NA"
"-79.37","43.86","TORONTO BUTTONVILLE A","6158409","2020-05-03 05:00","2020","05","03","05:00","7.2","","5.4","","88","","26","","3","","","M","98.37","","","","","","NA"
"-79.37","43.86","TORONTO BUTTONVILLE A","6158409","2020-05-03 06:00","2020","05","03","06:00","8.9","","5.6","","80","","27","","2","","","M","98.42","","","","","","NA"
"-79.37","43.86","TORONTO BUTTONVILLE A","6158409","2020-05-03 07:00","2020","05","03","07:00","13.1","","5.7","","61","","24","","5","","","M","98.44","","","","","","NA"
"-79.37","43.86","TORONTO BUTTONVILLE A","6158409","2020-05-03 08:00","2020","05","03","08:00","15.2","","6.2","","55","","22","","9","","","M","98.46","","","","","","NA"
"-79.37","43.86","TORONTO BUTTONVILLE A","6158409","2020-05-03 09:00","2020","05","03","09:00","17.4","","5.6","","45","","24","","12","","","M","98.42","","","","","","NA"
"-79.37","43.86","TORONTO BUTTONVILLE A","6158409","2020-05-03 10:00","2020","05","03","10:00","18.8","","7.7","","48","","24","","17","","","M","98.37","","","","","","NA"
"-79.37","43.86","TORONTO BUTTONVILLE A","6158409","2020-05-03 11:00","2020","05","03","11:00","19.4","","8.2","","48","","33","","20","","","M","98.36","","","","","","NA"
"-79.37","43.86","TORONTO BUTTONVILLE A","6158409","2020-05-03 12:00","2020","05","03","12:00","19.5","","6.4","","42","","31","","17","","","M","98.32","","","","","","NA"
"-79.37","43.86","TORONTO BUTTONVILLE A","6158409","2020-05-03 13:00","2020","05","03","13:00","20.3","","3.3","","32","","28","","22","","","M","98.30","","","","","","NA"
"-79.37","43.86","TORONTO BUTTONVILLE A","6158409","2020-05-03 14:00","2020","05","03","14:00","20.1","","2.2","","30","","28","","26","","","M","98.30","","","","","","NA"
"-79.37","43.86","TORONTO BUTTONVILLE A","6158409","2020-05-03 15:00","2020","05","03","15:00","19.7","","1.6","","30","","32","","31","","","M","98.31","","","","","","NA"
"-79.37","43.86","TORONTO BUTTONVILLE A","6158409","2020-05-03 16:00","2020","05","03","16:00","18.3","","2.4","","34","","33","","19","","","M","98.33","","","","","","NA"
"-79.37","43.86","TORONTO BUTTONVILLE A","6158409","2020-05-03 17:00","2020","05","03","17:00","17.0","","2.0","","36","","33","","21","","","M","98.38","","","","","","NA"
"-79.37","43.86","TORONTO BUTTONVILLE A","6158409","2020-05-03 18:00","2020","05","03","18:00","16.1","","3.0","","41","","35","","23","","","M","98.39","","","","","","NA"
"-79.37","43.86","TORONTO BUTTONVILLE A","6158409","2020-05-03 19:00","2020","05","03","19:00","13.4","","2.6","","48","","36","","18","","","M","98.43","","","","","","NA"
"-79.37","43.86","TORONTO BUTTONVILLE A","6158409","2020-05-03 20:00","2020","05","03","20:00","12.3","","2.1","","50","","35","","17","","","M","98.46","","","","","","NA"
"-79.37","43.86","TORONTO BUTTONVILLE A","6158409","2020-05-03 21:00","2020","05","03","21:00","11.7","","2.0","","51","","34","","18","","","M","98.47","","","","","","NA"
"-79.37","43.86","TORONTO BUTTONVILLE A","6158409","2020-05-03 22:00","2020","05","03","22:00","10.7","","2.0","","55","","33","","15","","","M","98.46","","","","","","NA"
"-79.37","43.86","TORONTO BUTTONVILLE A","6158409","2020-05-03 23:00","2020","05","03","23:00","9.9","","1.6","","56","","32","","13","","","M","98.47","","","","","","NA"
"-79.37","43.86","TORONTO BUTTONVILLE A","6158409","2020-05-04 00:00","2020","05","04","00:00","9.2","","2.0","","60","","32","","10","","","M","98.46","","","","","","NA"
"-79.37","43.86","TORONTO BUTTONVILLE A","6158409","2020-05-04 01:00","2020","05","04","01:00","8.7","","2.3","","64","","32","","17","","","M","98.47","","","","","","NA"
"-79.37","43.86","TORONTO BUTTONVILLE A","6158409","2020-05-04 02:00","2020","05","04","02:00","8.3","","2.2","","66","","31","","19","","","M","98.48","","","","","","NA"
"-79.37","43.86","TORONTO BUTTONVILLE A","6158409","2020-05-04 03:00","2020","05","04","03:00","7.7","","2.2","","68","","32","","21","","","M","98.51","","","","","","NA"
"-79.37","43.86","TORONTO BUTTONVILLE A","6158409","2020-05-04 04:00","2020","05","04","04:00","6.8","","2.5","","74","","32","","23","","","M","98.56","","","","","","NA"
"-79.37","43.86","TORONTO BUTTONVILLE A","6158409","2020-05-04 05:00","2020","05","04","05:00","6.0","","2.5","","78","","34","","21","","","M","98.65","","","","","","NA"
"-79.37","43.86","TORONTO BUTTONVILLE A","6158409","2020-05-04 06:00","2020","05","04","06:00","5.8","","2.5","","79","","33","","24","","","M","98.75","","","","","","NA"
"-79.37","43.86","TORONTO BUTTONVILLE A","6158409","2020-05-04 07:00","2020","05","04","07:00","5.8","","1.5","","74","","34","","32","","","M","98.85","","","","","","NA"
"-79.37","43.86","TORONTO BUTTONVILLE A","6158409","2020-05-04 08:00","2020","05","04","08:00","5.6","","1.6","","75","","34","","24","","","M","98.93","","","","","","NA"
"-79.37","43.86","TORONTO BUTTONVILLE A","6158409","2020-05-04 09:00","2020","05","04","09:00","6.0","","0.7","","69","","36","","24","","","M","99.00","","","","","","NA"
"-79.37","43.86","TORONTO BUTTONVILLE A","6158409","2020-05-04 10:00","2020","05","04","10:00","7.7","","0.8","","62","","35","","31","","","M","99.08","","","","","","NA"
"-79.37","43.86","TORONTO BUTTONVILLE A","6158409","2020-05-04 11:00","2020","05","04","11:00","7.3","","0.6","","62","","33","","25","","","M","99.15","","","","","","NA"
"-79.37","43.86","TORONTO BUTTONVILLE A","6158409","2020-05-04 12:00","2020","05","04","12:00","7.7","","0.8","","61","","34","","23","","","M","99.18","","","","","","NA"
"-79.37","43.86","TORONTO BUTTONVILLE A","6158409","2020-05-04 13:00","2020","05","04","13:00","8.2","","0.3","","57","","34","","28","","","M","99.21","","","","","","NA"
"-79.37","43.86","TORONTO BUTTONVILLE A","6158409","2020-05-04 14:00","2020","05","04","14:00","8.4","","-1.2","","51","","32","","37","","","M","99.26","","","","","","NA"
"-79.37","43.86","TORONTO BUTTONVILLE A","6158409","2020-05-04 15:00","2020","05","04","15:00","8.8","","-2.2","","46","","33","","26","","","M","99.20","","","","","","NA"
"-79.37","43.86","TORONTO BUTTONVILLE A","6158409","2020-05-04 16:00","2020","05","04","16:00","8.4","","-5.7","","36","","34","","36","","","M","99.25","","","","","","NA"
"-79.37","43.86","TORONTO BUTTONVILLE A","6158409","2020-05-04 17:00","2020","05","04","17:00","7.3","","-10.1","","28","","35","","40","","","M","99.24","","","","","","NA"
"-79.37","43.86","TORONTO BUTTONVILLE A","6158409","2020-05-04 18:00","2020","05","04","18:00","6.1","","-11.0","","28","","32","","29","","","M","99.29","","","","","","NA"
"-79.37","43.86","TORONTO BUTTONVILLE A","6158409","2020-05-04 19:00","2020","05","04","19:00","4.9","","-6.6","","43","","32","","22","","","M","99.38","","","","","","NA"
"-79.37","43.86","TORONTO BUTTONVILLE A","6158409","2020-05-04 20:00","2020","05","04","20:00","4.1","","-6.5","","46","","32","","18","","","M","99.40","","","","","","NA"
"-79.37","43.86","TORONTO BUTTONVILLE A","6158409","2020-05-04 21:00","2020","05","04","21:00","3.7","","-7.0","","46","","32","","14","","","M","99.46","","","","","","NA"
"-79.37","43.86","TORONTO BUTTONVILLE A","6158409","2020-05-04 22:00","2020","05","04","22:00","2.9","","-7.4","","47","","33","","16","","","M","99.46","","","","","","NA"
"-79.37","43.86","TORONTO BUTTONVILLE A","6158409","2020-05-04 23:00","2020","05","04","23:00","2.4","","-6.8","","51","","33","","12","","","M","99.48","","","","","","NA"
"-79.37","43.86","TORONTO BUTTONVILLE A","6158409","2020-05-05 00:00","2020","05","05","00:00","2.6","","-4.9","","58","","32","","16","","","M","99.50","","","","","","NA"
"-79.37","43.86","TORONTO BUTTONVILLE A","6158409","2020-05-05 01:00","2020","05","05","01:00","2.0","","-3.8","","66","","33","","15","","","M","99.44","","","","","","NA"
"-79.37","43.86","TORONTO BUTTONVILLE A","6158409","2020-05-05 02:00","2020","05","05","02:00","1.3","","-3.0","","73","","33","","10","","","M","99.44","","","","","","NA"
"-79.37","43.86","TORONTO BUTTONVILLE A","6158409","2020-05-05 03:00","2020","05","05","03:00","0.7","","-3.2","","75","","33","","10","","","M","99.47","","","","","","NA"
"-79.37","43.86","TORONTO BUTTONVILLE A","6158409","2020-05-05 04:00","2020","05","05","04:00","0.3","","-3.9","","74","","36","","8","","","M","99.43","","","","","","NA"
"-79.37","43.86","TORONTO BUTTONVILLE A","6158409","2020-05-05 05:00","2020","05","05","05:00","0.0","","-4.1","","74","","2","","7","","","M","99.40","","","","-2","","NA"
"-79.37","43.86","TORONTO BUTTONVILLE A","6158409","2020-05-05 06:00","2020","05","05","06:00","0.5","","-4.0","","72","","2","","4","","","M","99.44","","","","","","NA"
"-79.37","43.86","TORONTO BUTTONVILLE A","6158409","2020-05-05 07:00","2020","05","05","07:00","2.1","","-6.3","","54","","35","","8","","","M","99.48","","","","","","NA"
"-79.37","43.86","TORONTO BUTTONVILLE A","6158409","2020-05-05 08:00","2020","05","05","08:00","3.1","","-6.0","","51","","5","","7","","","M","99.47","","","","","","NA"
"-79.37","43.86","TORONTO BUTTONVILLE A","6158409","2020-05-05 09:00","2020","05","05","09:00","4.7","","-6.2","","45","","32","","5","","","M","99.38","","","","","","NA"
"-79.37","43.86","TORONTO BUTTONVILLE A","6158409","2020-05-05 10:00","2020","05","05","10:00","5.8","","-7.7","","37","","32","","4","","","M","99.34","","","","","","NA"
"-79.37","43.86","TORONTO BUTTONVILLE A","6158409","2020-05-05 11:00","2020","05","05","11:00","7.5","","-8.4","","31","","","","0","","","M","99.29","","","","","","NA"
"-79.37","43.86","TORONTO BUTTONVILLE A","6158409","2020-05-05 12:00","2020","05","05","12:00","8.3","","-10.6","","25","","34","","12","","","M","99.26","","","","","","NA"
"-79.37","43.86","TORONTO BUTTONVILLE A","6158409","2020-05-05 13:00","2020","05","05","13:00","10.4","","-7.1","","28","","35","","16","","","M","99.23","","","","","","NA"
"-79.37","43.86","TORONTO BUTTONVILLE A","6158409","2020-05-05 14:00","2020","05","05","14:00","10.4","","-11.4","","20","","1","","18","","","M","99.18","","","","","","NA"
"-79.37","43.86","TORONTO BUTTONVILLE A","6158409","2020-05-05 15:00","2020","05","05","15:00","10.5","","-10.4","","22","","3","","16","","","M","99.11","","","","","","NA"
"-79.37","43.86","TORONTO BUTTONVILLE A","6158409","2020-05-05 16:00","2020","05","05","16:00","11.1","","-5.4","","31","","1","","17","","","M","99.09","","","","","","NA"
"-79.37","43.86","TORONTO BUTTONVILLE A","6158409","2020-05-05 17:00","2020","05","05","17:00","10.7","","-8.2","","26","","36","","12","","","M","99.08","","","","","","NA"
"-79.37","43.86","TORONTO BUTTONVILLE A","6158409","2020-05-05 18:00","2020","05","05","18:00","10.1","","-6.2","","31","","36","","14","","","M","99.04","","","","","","NA"
"-79.37","43.86","TORONTO BUTTONVILLE A","6158409","2020-05-05 19:00","2020","05","05","19:00","9.0","","-5.2","","36","","1","","14","","","M","99.06","","","","","","NA"
"-79.37","43.86","TORONTO BUTTONVILLE A","6158409","2020-05-05 20:00","2020","05","05","20:00","7.3","","-4.1","","44","","1","","15","","","M","99.07","","","","","","NA"
"-79.37","43.86","TORONTO BUTTONVILLE A","6158409","2020-05-05 21:00","2020","05","05","21:00","5.3","","-4.1","","51","","35","","9","","","M","99.09","","","","","","NA"
"-79.37","43.86","TORONTO BUTTONVILLE A","6158409","2020-05-05 22:00","2020","05","05","22:00","4.2","","-4.8","","52","","35","","10","","","M","99.06","","","","","","NA"
"-79.37","43.86","TORONTO BUTTONVILLE A","6158409","2020-05-05 23:00","2020","05","05","23:00","4.2","","-5.8","","48","","29","","4","","","M","99.07","","","","","","NA"
"-79.37","43.86","TORONTO BUTTONVILLE A","6158409","2020-05-06 00:00","2020","05","06","00:00","3.1","","-6.2","","51","","17","","5","","","M","99.08","","","","","","NA"
"-79.37","43.86","TORONTO BUTTONVILLE A","6158409","2020-05-06 01:00","2020","05","06","01:00","2.3","","-4.9","","59","","34","","7","","","M","99.08","","","","","","NA"
"-79.37","43.86","TORONTO BUTTONVILLE A","6158409","2020-05-06 02:00","2020","05","06","02:00","2.1","","-4.5","","62","","35","","10","","","M","99.03","","","","","","NA"
"-79.37","43.86","TORONTO BUTTONVILLE A","6158409","2020-05-06 03:00","2020","05","06","03:00","1.9","","-3.8","","66","","36","","9","","","M","99.05","","","","","","NA"
"-79.37","43.86","TORONTO BUTTONVILLE A","6158409","2020-05-06 04:00","2020","05","06","04:00","2.0","","-3.4","","68","","35","","5","","","M","99.03","","","","","","NA"
"-79.37","43.86","TORONTO BUTTONVILLE A","6158409","2020-05-06 05:00","2020","05","06","05:00","2.6","","-2.8","","68","","35","","12","","","M","99.02","","","","","","NA"
"-79.37","43.86","TORONTO BUTTONVILLE A","6158409","2020-05-06 06:00","2020","05","06","06:00","3.1","","-3.1","","64","","36","","10","","","M","99.03","","","","","","NA"
"-79.37","43.86","TORONTO BUTTONVILLE A","6158409","2020-05-06 07:00","2020","05","06","07:00","5.1","","-4.0","","52","","1","","13","","","M","99.01","","","","","","NA"
"-79.37","43.86","TORONTO BUTTONVILLE A","6158409","2020-05-06 08:00","2020","05","06","08:00","6.8","","-4.2","","45","","2","","14","","","M","99.04","","","","","","NA"
"-79.37","43.86","TORONTO BUTTONVILLE A","6158409","2020-05-06 09:00","2020","05","06","09:00","9.0","","-4.5","","38","","1","","16","","","M","99.04","","","","","","NA"
"-79.37","43.86","TORONTO BUTTONVILLE A","6158409","2020-05-06 10:00","2020","05","06","10:00","10.5","","-6.9","","29","","6","","17","","","M","99.01","","","","","","NA"
"-79.37","43.86","TORONTO BUTTONVILLE A","6158409","2020-05-06 11:00","2020","05","06","11:00","11.5","","-5.7","","29","","8","","5","","","M","98.99","","","","","","NA"
"-79.37","43.86","TORONTO BUTTONVILLE A","6158409","2020-05-06 12:00","2020","05","06","12:00","11.4","","-7.8","","25","","34","","16","","","M","98.95","","","","","","NA"
"-79.37","43.86","TORONTO BUTTONVILLE A","6158409","2020-05-06 13:00","2020","05","06","13:00","12.7","","-9.2","","21","","1","","12","","","M","98.92","","","","","","NA"
"-79.37","43.86","TORONTO BUTTONVILLE A","6158409","2020-05-06 14:00","2020","05","06","14:00","12.8","","-6.8","","25","","33","","18","","","M","98.88","","","","","","NA"
"-79.37","43.86","TORONTO BUTTONVILLE A","6158409","2020-05-06 15:00","2020","05","06","15:00","13.8","","-8.7","","20","","36","","29","","","M","98.82","","","","","","NA"
"-79.37","43.86","TORONTO BUTTONVILLE A","6158409","2020-05-06 16:00","2020","05","06","16:00","13.8","","-8.5","","20","","34","","18","","","M","98.79","","","","","","NA"
"-79.37","43.86","TORONTO BUTTONVILLE A","6158409","2020-05-06 17:00","2020","05","06","17:00","13.8","","-7.3","","22","","33","","21","","","M","98.78","","","","","","NA"
"-79.37","43.86","TORONTO BUTTONVILLE A","6158409","2020-05-06 18:00","2020","05","06","18:00","12.8","","-6.8","","25","","33","","19","","","M","98.79","","","","","","NA"
"-79.37","43.86","TORONTO BUTTONVILLE A","6158409","2020-05-06 19:00","2020","05","06","19:00","11.1","","-7.4","","27","","33","","21","","","M","98.83","","","","","","NA"
"-79.37","43.86","TORONTO BUTTONVILLE A","6158409","2020-05-06 20:00","2020","05","06","20:00","9.5","","-8.3","","28","","33","","16","","","M","98.88","","","","","","NA"
"-79.37","43.86","TORONTO BUTTONVILLE A","6158409","2020-05-06 21:00","2020","05","06","21:00","8.6","","-7.8","","30","","33","","8","","","M","98.88","","","","","","NA"
"-79.37","43.86","TORONTO BUTTONVILLE A","6158409","2020-05-06 22:00","2020","05","06","22:00","8.4","","-6.8","","33","","32","","11","","","M","98.84","","","","","","NA"
"-79.37","43.86","TORONTO BUTTONVILLE A","6158409","2020-05-06 23:00","2020","05","06","23:00","7.8","","-7.0","","34","","26","","6","","","M","98.83","","","","","","NA"
"-79.37","43.86","TORONTO BUTTONVILLE A","6158409","2020-05-07 00:00","2020","05","07","00:00","7.1","","-6.8","","36","","29","","7","","","M","98.78","","","","","","NA"
"-79.37","43.86","TORONTO BUTTONVILLE A","6158409","2020-05-07 01:00","2020","05","07","01:00","5.9","","-6.9","","39","","26","","4","","","M","98.73","","","","","","NA"
"-79.37","43.86","TORONTO BUTTONVILLE A","6158409","2020-05-07 02:00","2020","05","07","02:00","4.5","","-6.7","","44","","23","","3","","","M","98.67","","","","","","NA"
"-79.37","43.86","TORONTO BUTTONVILLE A","6158409","2020-05-07 03:00","2020","05","07","03:00","6.1","","-7.9","","36","","32","","17","","","M","98.66","","","","","","NA"
"-79.37","43.86","TORONTO BUTTONVILLE A","6158409","2020-05-07 04:00","2020","05","07","04:00","6.1","","-8.3","","35","","29","","5","","","M","98.61","","","","","","NA"
"-79.37","43.86","TORONTO BUTTONVILLE A","6158409","2020-05-07 05:00","2020","05","07","05:00","6.4","","-8.3","","34","","30","","12","","","M","98.59","","","","","","NA"
"-79.37","43.86","TORONTO BUTTONVILLE A","6158409","2020-05-07 06:00","2020","05","07","06:00","7.8","","-7.8","","32","","28","","11","","","M","98.60","","","","","","NA"
"-79.37","43.86","TORONTO BUTTONVILLE A","6158409","2020-05-07 07:00","2020","05","07","07:00","7.6","","-5.0","","40","","30","","13","","","M","98.62","","","","","","NA"
"-79.37","43.86","TORONTO BUTTONVILLE A","6158409","2020-05-07 08:00","2020","05","07","08:00","8.9","","-5.1","","37","","32","","15","","","M","98.57","","","","","","NA"
"-79.37","43.86","TORONTO BUTTONVILLE A","6158409","2020-05-07 09:00","2020","05","07","09:00","11.4","","-5.3","","31","","29","","18","","","M","98.51","","","","","","NA"
"-79.37","43.86","TORONTO BUTTONVILLE A","6158409","2020-05-07 10:00","2020","05","07","10:00","11.3","","-3.8","","35","","33","","22","","","M","98.48","","","","","","NA"
"-79.37","43.86","TORONTO BUTTONVILLE A","6158409","2020-05-07 11:00","2020","05","07","11:00","10.2","","-2.0","","42","","33","","16","","","M","98.43","","","","","","NA"
"-79.37","43.86","TORONTO BUTTONVILLE A","6158409","2020-05-07 12:00","2020","05","07","12:00","9.9","","0.7","","52","","35","","27","","","M","98.38","","","","","","NA"
"-79.37","43.86","TORONTO BUTTONVILLE A","6158409","2020-05-07 13:00","2020","05","07","13:00","5.6","","2.4","","79","","35","","25","","","M","98.47","","","","","","NA"
"-79.37","43.86","TORONTO BUTTONVILLE A","6158409","2020-05-07 14:00","2020","05","07","14:00","4.9","","2.0","","81","","34","","21","","","M","98.50","","","","","","NA"
"-79.37","43.86","TORONTO BUTTONVILLE A","6158409","2020-05-07 15:00","2020","05","07","15:00","7.3","","2.5","","71","","33","","18","","","M","98.45","","","","","","NA"
"-79.37","43.86","TORONTO BUTTONVILLE A","6158409","2020-05-07 16:00","2020","05","07","16:00","8.4","","-1.3","","50","","32","","27","","","M","98.46","","","","","","NA"
"-79.37","43.86","TORONTO BUTTONVILLE A","6158409","2020-05-07 17:00","2020","05","07","17:00","8.9","","-1.7","","47","","31","","22","","","M","98.49","","","","","","NA"
"-79.37","43.86","TORONTO BUTTONVILLE A","6158409","2020-05-07 18:00","2020","05","07","18:00","8.8","","-4.3","","39","","32","","23","","","M","98.50","","","","","","NA"
"-79.37","43.86","TORONTO BUTTONVILLE A","6158409","2020-05-07 19:00","2020","05","07","19:00","6.7","","-3.7","","47","","34","","17","","","M","98.58","","","","","","NA"
"-79.37","43.86","TORONTO BUTTONVILLE A","6158409","2020-05-07 20:00","2020","05","07","20:00","4.7","","-3.1","","57","","35","","16","","","M","98.66","","","","","","NA"
"-79.37","43.86","TORONTO BUTTONVILLE A","6158409","2020-05-07 21:00","2020","05","07","21:00","3.8","","-2.8","","62","","33","","9","","","M","98.67","","","","","","NA"
"-79.37","43.86","TORONTO BUTTONVILLE A","6158409","2020-05-07 22:00","2020","05","07","22:00","3.5","","-2.8","","63","","28","","8","","","M","98.71","","","","","","NA"
"-79.37","43.86","TORONTO BUTTONVILLE A","6158409","2020-05-07 23:00","2020","05","07","23:00","2.6","","-2.5","","69","","23","","3","","","M","98.74","","","","","","NA"
"-79.37","43.86","TORONTO BUTTONVILLE A","6158409","2020-05-08 00:00","2020","05","08","00:00"
"-79.37","43.86","TORONTO BUTTONVILLE A","6158409","2020-05-08 01:00","2020","05","08","01:00"
"-79.37","43.86","TORONTO BUTTONVILLE A","6158409","2020-05-08 02:00","2020","05","08","02:00"
"-79.37","43.86","TORONTO BUTTONVILLE A","6158409","2020-05-08 03:00","2020","05","08","03:00"
"-79.37","43.86","TORONTO BUTTONVILLE A","6158409","2020-05-08 04:00","2020","05","08","04:00"
"-79.37","43.86","TORONTO BUTTONVILLE A","6158409","2020-05-08 05:00","2020","05","08","05:00"
"-79.37","43.86","TORONTO BUTTONVILLE A","6158409","2020-05-08 06:00","2020","05","08","06:00"
"-79.37","43.86","TORONTO BUTTONVILLE A","6158409","2020-05-08 07:00","2020","05","08","07:00"
"-79.37","43.86","TORONTO BUTTONVILLE A","6158409","2020-05-08 08:00","2020","05","08","08:00"
"-79.37","43.86","TORONTO BUTTONVILLE A","6158409","2020-05-08 09:00","2020","05","08","09:00"
"-79.37","43.86","TORONTO BUTTONVILLE A","6158409","2020-05-08 10:00","2020","05","08","10:00"
"-79.37","43.86","TORONTO BUTTONVILLE A","6158409","2020-05-08 11:00","2020","05","08","11:00"
"-79.37","43.86","TORONTO BUTTONVILLE A","6158409","2020-05-08 12:00","2020","05","08","12:00"
"-79.37","43.86","TORONTO BUTTONVILLE A","6158409","2020-05-08 13:00","2020","05","08","13:00"
"-79.37","43.86","TORONTO BUTTONVILLE A","6158409","2020-05-08 14:00","2020","05","08","14:00"
"-79.37","43.86","TORONTO BUTTONVILLE A","6158409","2020-05-08 15:00","2020","05","08","15:00"
"-79.37","43.86","TORONTO BUTTONVILLE A","6158409","2020-05-08 16:00","2020","05","08","16:00"
"-79.37","43.86","TORONTO BUTTONVILLE A","6158409","2020-05-08 17:00","2020","05","08","17:00"
"-79.37","43.86","TORONTO BUTTONVILLE A","6158409","2020-05-08 18:00","2020","05","08","18:00"
"-79.37","43.86","TORONTO BUTTONVILLE A","6158409","2020-05-08 19:00","2020","05","08","19:00"
"-79.37","43.86","TORONTO BUTTONVILLE A","6158409","2020-05-08 20:00","2020","05","08","20:00"
"-79.37","43.86","TORONTO BUTTONVILLE A","6158409","2020-05-08 21:00","2020","05","08","21:00"
"-79.37","43.86","TORONTO BUTTONVILLE A","6158409","2020-05-08 22:00","2020","05","08","22:00"
"-79.37","43.86","TORONTO BUTTONVILLE A","6158409","2020-05-08 23:00","2020","05","08","23:00"
"-79.37","43.86","TORONTO BUTTONVILLE A","6158409","2020-05-09 00:00","2020","05","09","00:00"
"-79.37","43.86","TORONTO BUTTONVILLE A","6158409","2020-05-09 01:00","2020","05","09","01:00"
"-79.37","43.86","TORONTO BUTTONVILLE A","6158409","2020-05-09 02:00","2020","05","09","02:00"
"-79.37","43.86","TORONTO BUTTONVILLE A","6158409","2020-05-09 03:00","2020","05","09","03:00"
"-79.37","43.86","TORONTO BUTTONVILLE A","6158409","2020-05-09 04:00","2020","05","09","04:00"
"-79.37","43.86","TORONTO BUTTONVILLE A","6158409","2020-05-09 05:00","2020","05","09","05:00"
"-79.37","43.86","TORONTO BUTTONVILLE A","6158409","2020-05-09 06:00","2020","05","09","06:00"
"-79.37","43.86","TORONTO BUTTONVILLE A","6158409","2020-05-09 07:00","2020","05","09","07:00"
"-79.37","43.86","TORONTO BUTTONVILLE A","6158409","2020-05-09 08:00","2020","05","09","08:00"
"-79.37","43.86","TORONTO BUTTONVILLE A","6158409","2020-05-09 09:00","2020","05","09","09:00"
"-79.37","43.86","TORONTO BUTTONVILLE A","6158409","2020-05-09 10:00","2020","05","09","10:00"
"-79.37","43.86","TORONTO BUTTONVILLE A","6158409","2020-05-09 11:00","2020","05","09","11:00"
"-79.37","43.86","TORONTO BUTTONVILLE A","6158409","2020-05-09 12:00","2020","05","09","12:00"
"-79.37","43.86","TORONTO BUTTONVILLE A","6158409","2020-05-09 13:00","2020","05","09","13:00"
"-79.37","43.86","TORONTO BUTTONVILLE A","6158409","2020-05-09 14:00","2020","05","09","14:00"
"-79.37","43.86","TORONTO BUTTONVILLE A","6158409","2020-05-09 15:00","2020","05","09","15:00"
"-79.37","43.86","TORONTO BUTTONVILLE A","6158409","2020-05-09 16:00","2020","05","09","16:00"
"-79.37","43.86","TORONTO BUTTONVILLE A","6158409","2020-05-09 17:00","2020","05","09","17:00"
"-79.37","43.86","TORONTO BUTTONVILLE A","6158409","2020-05-09 18:00","2020","05","09","18:00"
"-79.37","43.86","TORONTO BUTTONVILLE A","6158409","2020-05-09 19:00","2020","05","09","19:00"
"-79.37","43.86","TORONTO BUTTONVILLE A","6158409","2020-05-09 20:00","2020","05","09","20:00"
"-79.37","43.86","TORONTO BUTTONVILLE A","6158409","2020-05-09 21:00","2020","05","09","21:00"
"-79.37","43.86","TORONTO BUTTONVILLE A","6158409","2020-05-09 22:00","2020","05","09","22:00"
"-79.37","43.86","TORONTO BUTTONVILLE A","6158409","2020-05-09 23:00","2020","05","09","23:00"
"-79.37","43.86","TORONTO BUTTONVILLE A","6158409","2020-05-10 00:00","2020","05","10","00:00"
"-79.37","43.86","TORONTO BUTTONVILLE A","6158409","2020-05-10 01:00","2020","05","10","01:00"
"-79.37","43.86","TORONTO BUTTONVILLE A","6158409","2020-05-10 02:00","2020","05","10","02:00"
"-79.37","43.86","TORONTO BUTTONVILLE A","6158409","2020-05-10 03:00","2020","05","10","03:00"
"-79.37","43.86","TORONTO BUTTONVILLE A","6158409","2020-05-10 04:00","2020","05","10","04:00"
"-79.37","43.86","TORONTO BUTTONVILLE A","6158409","2020-05-10 05:00","2020","05","10","05:00"
"-79.37","43.86","TORONTO BUTTONVILLE A","6158409","2020-05-10 06:00","2020","05","10","06:00"
"-79.37","43.86","TORONTO BUTTONVILLE A","6158409","2020-05-10 07:00","2020","05","10","07:00"
"-79.37","43.86","TORONTO BUTTONVILLE A","6158409","2020-05-10 08:00","2020","05","10","08:00"
"-79.37","43.86","TORONTO BUTTONVILLE A","6158409","2020-05-10 09:00","2020","05","10","09:00"
"-79.37","43.86","TORONTO BUTTONVILLE A","6158409","2020-05-10 10:00","2020","05","10","10:00"
"-79.37","43.86","TORONTO BUTTONVILLE A","6158409","2020-05-10 11:00","2020","05","10","11:00"
"-79.37","43.86","TORONTO BUTTONVILLE A","6158409","2020-05-10 12:00","2020","05","10","12:00"
"-79.37","43.86","TORONTO BUTTONVILLE A","6158409","2020-05-10 13:00","2020","05","10","13:00"
"-79.37","43.86","TORONTO BUTTONVILLE A","6158409","2020-05-10 14:00","2020","05","10","14:00"
"-79.37","43.86","TORONTO BUTTONVILLE A","6158409","2020-05-10 15:00","2020","05","10","15:00"
"-79.37","43.86","TORONTO BUTTONVILLE A","6158409","2020-05-10 16:00","2020","05","10","16:00"
"-79.37","43.86","TORONTO BUTTONVILLE A","6158409","2020-05-10 17:00","2020","05","10","17:00"
"-79.37","43.86","TORONTO BUTTONVILLE A","6158409","2020-05-10 18:00","2020","05","10","18:00"
"-79.37","43.86","TORONTO BUTTONVILLE A","6158409","2020-05-10 19:00","2020","05","10","19:00"
"-79.37","43.86","TORONTO BUTTONVILLE A","6158409","2020-05-10 20:00","2020","05","10","20:00"
"-79.37","43.86","TORONTO BUTTONVILLE A","6158409","2020-05-10 21:00","2020","05","10","21:00"
"-79.37","43.86","TORONTO BUTTONVILLE A","6158409","2020-05-10 22:00","2020","05","10","22:00"
"-79.37","43.86","TORONTO BUTTONVILLE A","6158409","2020-05-10 23:00","2020","05","10","23:00"
"-79.37","43.86","TORONTO BUTTONVILLE A","6158409","2020-05-11 00:00","2020","05","11","00:00"
"-79.37","43.86","TORONTO BUTTONVILLE A","6158409","2020-05-11 01:00","2020","05","11","01:00"
"-79.37","43.86","TORONTO BUTTONVILLE A","6158409","2020-05-11 02:00","2020","05","11","02:00"
"-79.37","43.86","TORONTO BUTTONVILLE A","6158409","2020-05-11 03:00","2020","05","11","03:00"
"-79.37","43.86","TORONTO BUTTONVILLE A","6158409","2020-05-11 04:00","2020","05","11","04:00"
"-79.37","43.86","TORONTO BUTTONVILLE A","6158409","2020-05-11 05:00","2020","05","11","05:00"
"-79.37","43.86","TORONTO BUTTONVILLE A","6158409","2020-05-11 06:00","2020","05","11","06:00"
"-79.37","43.86","TORONTO BUTTONVILLE A","6158409","2020-05-11 07:00","2020","05","11","07:00"
"-79.37","43.86","TORONTO BUTTONVILLE A","6158409","2020-05-11 08:00","2020","05","11","08:00"
"-79.37","43.86","TORONTO BUTTONVILLE A","6158409","2020-05-11 09:00","2020","05","11","09:00"
"-79.37","43.86","TORONTO BUTTONVILLE A","6158409","2020-05-11 10:00","2020","05","11","10:00"
"-79.37","43.86","TORONTO BUTTONVILLE A","6158409","2020-05-11 11:00","2020","05","11","11:00"
"-79.37","43.86","TORONTO BUTTONVILLE A","6158409","2020-05-11 12:00","2020","05","11","12:00"
"-79.37","43.86","TORONTO BUTTONVILLE A","6158409","2020-05-11 13:00","2020","05","11","13:00"
"-79.37","43.86","TORONTO BUTTONVILLE A","6158409","2020-05-11 14:00","2020","05","11","14:00"
"-79.37","43.86","TORONTO BUTTONVILLE A","6158409","2020-05-11 15:00","2020","05","11","15:00"
"-79.37","43.86","TORONTO BUTTONVILLE A","6158409","2020-05-11 16:00","2020","05","11","16:00"
"-79.37","43.86","TORONTO BUTTONVILLE A","6158409","2020-05-11 17:00","2020","05","11","17:00"
"-79.37","43.86","TORONTO BUTTONVILLE A","6158409","2020-05-11 18:00","2020","05","11","18:00"
"-79.37","43.86","TORONTO BUTTONVILLE A","6158409","2020-05-11 19:00","2020","05","11","19:00"
"-79.37","43.86","TORONTO BUTTONVILLE A","6158409","2020-05-11 20:00","2020","05","11","20:00"
"-79.37","43.86","TORONTO BUTTONVILLE A","6158409","2020-05-11 21:00","2020","05","11","21:00"
"-79.37","43.86","TORONTO BUTTONVILLE A","6158409","2020-05-11 22:00","2020","05","11","22:00"
"-79.37","43.86","TORONTO BUTTONVILLE A","6158409","2020-05-11 23:00","2020","05","11","23:00"
"-79.37","43.86","TORONTO BUTTONVILLE A","6158409","2020-05-12 00:00","2020","05","12","00:00"
"-79.37","43.86","TORONTO BUTTONVILLE A","6158409","2020-05-12 01:00","2020","05","12","01:00"
"-79.37","43.86","TORONTO BUTTONVILLE A","6158409","2020-05-12 02:00","2020","05","12","02:00"
"-79.37","43.86","TORONTO BUTTONVILLE A","6158409","2020-05-12 03:00","2020","05","12","03:00"
"-79.37","43.86","TORONTO BUTTONVILLE A","6158409","2020-05-12 04:00","2020","05","12","04:00"
"-79.37","43.86","TORONTO BUTTONVILLE A","6158409","2020-05-12 05:00","2020","05","12","05:00"
"-79.37","43.86","TORONTO BUTTONVILLE A","6158409","2020-05-12 06:00","2020","05","12","06:00"
"-79.37","43.86","TORONTO BUTTONVILLE A","6158409","2020-05-12 07:00","2020","05","12","07:00"
"-79.37","43.86","TORONTO BUTTONVILLE A","6158409","2020-05-12 08:00","2020","05","12","08:00"
"-79.37","43.86","TORONTO BUTTONVILLE A","6158409","2020-05-12 09:00","2020","05","12","09:00"
"-79.37","43.86","TORONTO BUTTONVILLE A","6158409","2020-05-12 10:00","2020","05","12","10:00"
"-79.37","43.86","TORONTO BUTTONVILLE A","6158409","2020-05-12 11:00","2020","05","12","11:00"
"-79.37","43.86","TORONTO BUTTONVILLE A","6158409","2020-05-12 12:00","2020","05","12","12:00"
"-79.37","43.86","TORONTO BUTTONVILLE A","6158409","2020-05-12 13:00","2020","05","12","13:00"
"-79.37","43.86","TORONTO BUTTONVILLE A","6158409","2020-05-12 14:00","2020","05","12","14:00"
"-79.37","43.86","TORONTO BUTTONVILLE A","6158409","2020-05-12 15:00","2020","05","12","15:00"
"-79.37","43.86","TORONTO BUTTONVILLE A","6158409","2020-05-12 16:00","2020","05","12","16:00"
"-79.37","43.86","TORONTO BUTTONVILLE A","6158409","2020-05-12 17:00","2020","05","12","17:00"
"-79.37","43.86","TORONTO BUTTONVILLE A","6158409","2020-05-12 18:00","2020","05","12","18:00"
"-79.37","43.86","TORONTO BUTTONVILLE A","6158409","2020-05-12 19:00","2020","05","12","19:00"
"-79.37","43.86","TORONTO BUTTONVILLE A","6158409","2020-05-12 20:00","2020","05","12","20:00"
"-79.37","43.86","TORONTO BUTTONVILLE A","6158409","2020-05-12 21:00","2020","05","12","21:00"
"-79.37","43.86","TORONTO BUTTONVILLE A","6158409","2020-05-12 22:00","2020","05","12","22:00"
"-79.37","43.86","TORONTO BUTTONVILLE A","6158409","2020-05-12 23:00","2020","05","12","23:00"
"-79.37","43.86","TORONTO BUTTONVILLE A","6158409","2020-05-13 00:00","2020","05","13","00:00"
"-79.37","43.86","TORONTO BUTTONVILLE A","6158409","2020-05-13 01:00","2020","05","13","01:00"
"-79.37","43.86","TORONTO BUTTONVILLE A","6158409","2020-05-13 02:00","2020","05","13","02:00"
"-79.37","43.86","TORONTO BUTTONVILLE A","6158409","2020-05-13 03:00","2020","05","13","03:00"
"-79.37","43.86","TORONTO BUTTONVILLE A","6158409","2020-05-13 04:00","2020","05","13","04:00"
"-79.37","43.86","TORONTO BUTTONVILLE A","6158409","2020-05-13 05:00","2020","05","13","05:00"
"-79.37","43.86","TORONTO BUTTONVILLE A","6158409","2020-05-13 06:00","2020","05","13","06:00"
"-79.37","43.86","TORONTO BUTTONVILLE A","6158409","2020-05-13 07:00","2020","05","13","07:00"
"-79.37","43.86","TORONTO BUTTONVILLE A","6158409","2020-05-13 08:00","2020","05","13","08:00"
"-79.37","43.86","TORONTO BUTTONVILLE A","6158409","2020-05-13 09:00","2020","05","13","09:00"
"-79.37","43.86","TORONTO BUTTONVILLE A","6158409","2020-05-13 10:00","2020","05","13","10:00"
"-79.37","43.86","TORONTO BUTTONVILLE A","6158409","2020-05-13 11:00","2020","05","13","11:00"
"-79.37","43.86","TORONTO BUTTONVILLE A","6158409","2020-05-13 12:00","2020","05","13","12:00"
"-79.37","43.86","TORONTO BUTTONVILLE A","6158409","2020-05-13 13:00","2020","05","13","13:00"
"-79.37","43.86","TORONTO BUTTONVILLE A","6158409","2020-05-13 14:00","2020","05","13","14:00"
"-79.37","43.86","TORONTO BUTTONVILLE A","6158409","2020-05-13 15:00","2020","05","13","15:00"
"-79.37","43.86","TORONTO BUTTONVILLE A","6158409","2020-05-13 16:00","2020","05","13","16:00"
"-79.37","43.86","TORONTO BUTTONVILLE A","6158409","2020-05-13 17:00","2020","05","13","17:00"
"-79.37","43.86","TORONTO BUTTONVILLE A","6158409","2020-05-13 18:00","2020","05","13","18:00"
"-79.37","43.86","TORONTO BUTTONVILLE A","6158409","2020-05-13 19:00","2020","05","13","19:00"
"-79.37","43.86","TORONTO BUTTONVILLE A","6158409","2020-05-13 20:00","2020","05","13","20:00"
"-79.37","43.86","TORONTO BUTTONVILLE A","6158409","2020-05-13 21:00","2020","05","13","21:00"
"-79.37","43.86","TORONTO BUTTONVILLE A","6158409","2020-05-13 22:00","2020","05","13","22:00"
"-79.37","43.86","TORONTO BUTTONVILLE A","6158409","2020-05-13 23:00","2020","05","13","23:00"
"-79.37","43.86","TORONTO BUTTONVILLE A","6158409","2020-05-14 00:00","2020","05","14","00:00"
"-79.37","43.86","TORONTO BUTTONVILLE A","6158409","2020-05-14 01:00","2020","05","14","01:00"
"-79.37","43.86","TORONTO BUTTONVILLE A","6158409","2020-05-14 02:00","2020","05","14","02:00"
"-79.37","43.86","TORONTO BUTTONVILLE A","6158409","2020-05-14 03:00","2020","05","14","03:00"
"-79.37","43.86","TORONTO BUTTONVILLE A","6158409","2020-05-14 04:00","2020","05","14","04:00"
"-79.37","43.86","TORONTO BUTTONVILLE A","6158409","2020-05-14 05:00","2020","05","14","05:00"
"-79.37","43.86","TORONTO BUTTONVILLE A","6158409","2020-05-14 06:00","2020","05","14","06:00"
"-79.37","43.86","TORONTO BUTTONVILLE A","6158409","2020-05-14 07:00","2020","05","14","07:00"
"-79.37","43.86","TORONTO BUTTONVILLE A","6158409","2020-05-14 08:00","2020","05","14","08:00"
"-79.37","43.86","TORONTO BUTTONVILLE A","6158409","2020-05-14 09:00","2020","05","14","09:00"
"-79.37","43.86","TORONTO BUTTONVILLE A","6158409","2020-05-14 10:00","2020","05","14","10:00"
"-79.37","43.86","TORONTO BUTTONVILLE A","6158409","2020-05-14 11:00","2020","05","14","11:00"
"-79.37","43.86","TORONTO BUTTONVILLE A","6158409","2020-05-14 12:00","2020","05","14","12:00"
"-79.37","43.86","TORONTO BUTTONVILLE A","6158409","2020-05-14 13:00","2020","05","14","13:00"
"-79.37","43.86","TORONTO BUTTONVILLE A","6158409","2020-05-14 14:00","2020","05","14","14:00"
"-79.37","43.86","TORONTO BUTTONVILLE A","6158409","2020-05-14 15:00","2020","05","14","15:00"
"-79.37","43.86","TORONTO BUTTONVILLE A","6158409","2020-05-14 16:00","2020","05","14","16:00"
"-79.37","43.86","TORONTO BUTTONVILLE A","6158409","2020-05-14 17:00","2020","05","14","17:00"
"-79.37","43.86","TORONTO BUTTONVILLE A","6158409","2020-05-14 18:00","2020","05","14","18:00"
"-79.37","43.86","TORONTO BUTTONVILLE A","6158409","2020-05-14 19:00","2020","05","14","19:00"
"-79.37","43.86","TORONTO BUTTONVILLE A","6158409","2020-05-14 20:00","2020","05","14","20:00"
"-79.37","43.86","TORONTO BUTTONVILLE A","6158409","2020-05-14 21:00","2020","05","14","21:00"
"-79.37","43.86","TORONTO BUTTONVILLE A","6158409","2020-05-14 22:00","2020","05","14","22:00"
"-79.37","43.86","TORONTO BUTTONVILLE A","6158409","2020-05-14 23:00","2020","05","14","23:00"
"-79.37","43.86","TORONTO BUTTONVILLE A","6158409","2020-05-15 00:00","2020","05","15","00:00"
"-79.37","43.86","TORONTO BUTTONVILLE A","6158409","2020-05-15 01:00","2020","05","15","01:00"
"-79.37","43.86","TORONTO BUTTONVILLE A","6158409","2020-05-15 02:00","2020","05","15","02:00"
"-79.37","43.86","TORONTO BUTTONVILLE A","6158409","2020-05-15 03:00","2020","05","15","03:00"
"-79.37","43.86","TORONTO BUTTONVILLE A","6158409","2020-05-15 04:00","2020","05","15","04:00"
"-79.37","43.86","TORONTO BUTTONVILLE A","6158409","2020-05-15 05:00","2020","05","15","05:00"
"-79.37","43.86","TORONTO BUTTONVILLE A","6158409","2020-05-15 06:00","2020","05","15","06:00"
"-79.37","43.86","TORONTO BUTTONVILLE A","6158409","2020-05-15 07:00","2020","05","15","07:00"
"-79.37","43.86","TORONTO BUTTONVILLE A","6158409","2020-05-15 08:00","2020","05","15","08:00"
"-79.37","43.86","TORONTO BUTTONVILLE A","6158409","2020-05-15 09:00","2020","05","15","09:00"
"-79.37","43.86","TORONTO BUTTONVILLE A","6158409","2020-05-15 10:00","2020","05","15","10:00"
"-79.37","43.86","TORONTO BUTTONVILLE A","6158409","2020-05-15 11:00","2020","05","15","11:00"
"-79.37","43.86","TORONTO BUTTONVILLE A","6158409","2020-05-15 12:00","2020","05","15","12:00"
"-79.37","43.86","TORONTO BUTTONVILLE A","6158409","2020-05-15 13:00","2020","05","15","13:00"
"-79.37","43.86","TORONTO BUTTONVILLE A","6158409","2020-05-15 14:00","2020","05","15","14:00"
"-79.37","43.86","TORONTO BUTTONVILLE A","6158409","2020-05-15 15:00","2020","05","15","15:00"
"-79.37","43.86","TORONTO BUTTONVILLE A","6158409","2020-05-15 16:00","2020","05","15","16:00"
"-79.37","43.86","TORONTO BUTTONVILLE A","6158409","2020-05-15 17:00","2020","05","15","17:00"
"-79.37","43.86","TORONTO BUTTONVILLE A","6158409","2020-05-15 18:00","2020","05","15","18:00"
"-79.37","43.86","TORONTO BUTTONVILLE A","6158409","2020-05-15 19:00","2020","05","15","19:00"
"-79.37","43.86","TORONTO BUTTONVILLE A","6158409","2020-05-15 20:00","2020","05","15","20:00"
"-79.37","43.86","TORONTO BUTTONVILLE A","6158409","2020-05-15 21:00","2020","05","15","21:00"
"-79.37","43.86","TORONTO BUTTONVILLE A","6158409","2020-05-15 22:00","2020","05","15","22:00"
"-79.37","43.86","TORONTO BUTTONVILLE A","6158409","2020-05-15 23:00","2020","05","15","23:00"
"-79.37","43.86","TORONTO BUTTONVILLE A","6158409","2020-05-16 00:00","2020","05","16","00:00"
"-79.37","43.86","TORONTO BUTTONVILLE A","6158409","2020-05-16 01:00","2020","05","16","01:00"
"-79.37","43.86","TORONTO BUTTONVILLE A","6158409","2020-05-16 02:00","2020","05","16","02:00"
"-79.37","43.86","TORONTO BUTTONVILLE A","6158409","2020-05-16 03:00","2020","05","16","03:00"
"-79.37","43.86","TORONTO BUTTONVILLE A","6158409","2020-05-16 04:00","2020","05","16","04:00"
"-79.37","43.86","TORONTO BUTTONVILLE A","6158409","2020-05-16 05:00","2020","05","16","05:00"
"-79.37","43.86","TORONTO BUTTONVILLE A","6158409","2020-05-16 06:00","2020","05","16","06:00"
"-79.37","43.86","TORONTO BUTTONVILLE A","6158409","2020-05-16 07:00","2020","05","16","07:00"
"-79.37","43.86","TORONTO BUTTONVILLE A","6158409","2020-05-16 08:00","2020","05","16","08:00"
"-79.37","43.86","TORONTO BUTTONVILLE A","6158409","2020-05-16 09:00","2020","05","16","09:00"
"-79.37","43.86","TORONTO BUTTONVILLE A","6158409","2020-05-16 10:00","2020","05","16","10:00"
"-79.37","43.86","TORONTO BUTTONVILLE A","6158409","2020-05-16 11:00","2020","05","16","11:00"
"-79.37","43.86","TORONTO BUTTONVILLE A","6158409","2020-05-16 12:00","2020","05","16","12:00"
"-79.37","43.86","TORONTO BUTTONVILLE A","6158409","2020-05-16 13:00","2020","05","16","13:00"
"-79.37","43.86","TORONTO BUTTONVILLE A","6158409","2020-05-16 14:00","2020","05","16","14:00"
"-79.37","43.86","TORONTO BUTTONVILLE A","6158409","2020-05-16 15:00","2020","05","16","15:00"
"-79.37","43.86","TORONTO BUTTONVILLE A","6158409","2020-05-16 16:00","2020","05","16","16:00"
"-79.37","43.86","TORONTO BUTTONVILLE A","6158409","2020-05-16 17:00","2020","05","16","17:00"
"-79.37","43.86","TORONTO BUTTONVILLE A","6158409","2020-05-16 18:00","2020","05","16","18:00"
"-79.37","43.86","TORONTO BUTTONVILLE A","6158409","2020-05-16 19:00","2020","05","16","19:00"
"-79.37","43.86","TORONTO BUTTONVILLE A","6158409","2020-05-16 20:00","2020","05","16","20:00"
"-79.37","43.86","TORONTO BUTTONVILLE A","6158409","2020-05-16 21:00","2020","05","16","21:00"
"-79.37","43.86","TORONTO BUTTONVILLE A","6158409","2020-05-16 22:00","2020","05","16","22:00"
"-79.37","43.86","TORONTO BUTTONVILLE A","6158409","2020-05-16 23:00","2020","05","16","23:00"
"-79.37","43.86","TORONTO BUTTONVILLE A","6158409","2020-05-17 00:00","2020","05","17","00:00"
"-79.37","43.86","TORONTO BUTTONVILLE A","6158409","2020-05-17 01:00","2020","05","17","01:00"
"-79.37","43.86","TORONTO BUTTONVILLE A","6158409","2020-05-17 02:00","2020","05","17","02:00"
"-79.37","43.86","TORONTO BUTTONVILLE A","6158409","2020-05-17 03:00","2020","05","17","03:00"
"-79.37","43.86","TORONTO BUTTONVILLE A","6158409","2020-05-17 04:00","2020","05","17","04:00"
"-79.37","43.86","TORONTO BUTTONVILLE A","6158409","2020-05-17 05:00","2020","05","17","05:00"
"-79.37","43.86","TORONTO BUTTONVILLE A","6158409","2020-05-17 06:00","2020","05","17","06:00"
"-79.37","43.86","TORONTO BUTTONVILLE A","6158409","2020-05-17 07:00","2020","05","17","07:00"
"-79.37","43.86","TORONTO BUTTONVILLE A","6158409","2020-05-17 08:00","2020","05","17","08:00"
"-79.37","43.86","TORONTO BUTTONVILLE A","6158409","2020-05-17 09:00","2020","05","17","09:00"
"-79.37","43.86","TORONTO BUTTONVILLE A","6158409","2020-05-17 10:00","2020","05","17","10:00"
"-79.37","43.86","TORONTO BUTTONVILLE A","6158409","2020-05-17 11:00","2020","05","17","11:00"
"-79.37","43.86","TORONTO BUTTONVILLE A","6158409","2020-05-17 12:00","2020","05","17","12:00"
"-79.37","43.86","TORONTO BUTTONVILLE A","6158409","2020-05-17 13:00","2020","05","17","13:00"
"-79.37","43.86","TORONTO BUTTONVILLE A","6158409","2020-05-17 14:00","2020","05","17","14:00"
"-79.37","43.86","TORONTO BUTTONVILLE A","6158409","2020-05-17 15:00","2020","05","17","15:00"
"-79.37","43.86","TORONTO BUTTONVILLE A","6158409","2020-05-17 16:00","2020","05","17","16:00"
"-79.37","43.86","TORONTO BUTTONVILLE A","6158409","2020-05-17 17:00","2020","05","17","17:00"
"-79.37","43.86","TORONTO BUTTONVILLE A","6158409","2020-05-17 18:00","2020","05","17","18:00"
"-79.37","43.86","TORONTO BUTTONVILLE A","6158409","2020-05-17 19:00","2020","05","17","19:00"
"-79.37","43.86","TORONTO BUTTONVILLE A","6158409","2020-05-17 20:00","2020","05","17","20:00"
"-79.37","43.86","TORONTO BUTTONVILLE A","6158409","2020-05-17 21:00","2020","05","17","21:00"
"-79.37","43.86","TORONTO BUTTONVILLE A","6158409","2020-05-17 22:00","2020","05","17","22:00"
"-79.37","43.86","TORONTO BUTTONVILLE A","6158409","2020-05-17 23:00","2020","05","17","23:00"
"-79.37","43.86","TORONTO BUTTONVILLE A","6158409","2020-05-18 00:00","2020","05","18","00:00"
"-79.37","43.86","TORONTO BUTTONVILLE A","6158409","2020-05-18 01:00","2020","05","18","01:00"
"-79.37","43.86","TORONTO BUTTONVILLE A","6158409","2020-05-18 02:00","2020","05","18","02:00"
"-79.37","43.86","TORONTO BUTTONVILLE A","6158409","2020-05-18 03:00","2020","05","18","03:00"
"-79.37","43.86","TORONTO BUTTONVILLE A","6158409","2020-05-18 04:00","2020","05","18","04:00"
"-79.37","43.86","TORONTO BUTTONVILLE A","6158409","2020-05-18 05:00","2020","05","18","05:00"
"-79.37","43.86","TORONTO BUTTONVILLE A","6158409","2020-05-18 06:00","2020","05","18","06:00"
"-79.37","43.86","TORONTO BUTTONVILLE A","6158409","2020-05-18 07:00","2020","05","18","07:00"
"-79.37","43.86","TORONTO BUTTONVILLE A","6158409","2020-05-18 08:00","2020","05","18","08:00"
"-79.37","43.86","TORONTO BUTTONVILLE A","6158409","2020-05-18 09:00","2020","05","18","09:00"
"-79.37","43.86","TORONTO BUTTONVILLE A","6158409","2020-05-18 10:00","2020","05","18","10:00"
"-79.37","43.86","TORONTO BUTTONVILLE A","6158409","2020-05-18 11:00","2020","05","18","11:00"
"-79.37","43.86","TORONTO BUTTONVILLE A","6158409","2020-05-18 12:00","2020","05","18","12:00"
"-79.37","43.86","TORONTO BUTTONVILLE A","6158409","2020-05-18 13:00","2020","05","18","13:00"
"-79.37","43.86","TORONTO BUTTONVILLE A","6158409","2020-05-18 14:00","2020","05","18","14:00"
"-79.37","43.86","TORONTO BUTTONVILLE A","6158409","2020-05-18 15:00","2020","05","18","15:00"
"-79.37","43.86","TORONTO BUTTONVILLE A","6158409","2020-05-18 16:00","2020","05","18","16:00"
"-79.37","43.86","TORONTO BUTTONVILLE A","6158409","2020-05-18 17:00","2020","05","18","17:00"
"-79.37","43.86","TORONTO BUTTONVILLE A","6158409","2020-05-18 18:00","2020","05","18","18:00"
"-79.37","43.86","TORONTO BUTTONVILLE A","6158409","2020-05-18 19:00","2020","05","18","19:00"
"-79.37","43.86","TORONTO BUTTONVILLE A","6158409","2020-05-18 20:00","2020","05","18","20:00"
"-79.37","43.86","TORONTO BUTTONVILLE A","6158409","2020-05-18 21:00","2020","05","18","21:00"
"-79.37","43.86","TORONTO BUTTONVILLE A","6158409","2020-05-18 22:00","2020","05","18","22:00"
"-79.37","43.86","TORONTO BUTTONVILLE A","6158409","2020-05-18 23:00","2020","05","18","23:00"
"-79.37","43.86","TORONTO BUTTONVILLE A","6158409","2020-05-19 00:00","2020","05","19","00:00"
"-79.37","43.86","TORONTO BUTTONVILLE A","6158409","2020-05-19 01:00","2020","05","19","01:00"
"-79.37","43.86","TORONTO BUTTONVILLE A","6158409","2020-05-19 02:00","2020","05","19","02:00"
"-79.37","43.86","TORONTO BUTTONVILLE A","6158409","2020-05-19 03:00","2020","05","19","03:00"
"-79.37","43.86","TORONTO BUTTONVILLE A","6158409","2020-05-19 04:00","2020","05","19","04:00"
"-79.37","43.86","TORONTO BUTTONVILLE A","6158409","2020-05-19 05:00","2020","05","19","05:00"
"-79.37","43.86","TORONTO BUTTONVILLE A","6158409","2020-05-19 06:00","2020","05","19","06:00"
"-79.37","43.86","TORONTO BUTTONVILLE A","6158409","2020-05-19 07:00","2020","05","19","07:00"
"-79.37","43.86","TORONTO BUTTONVILLE A","6158409","2020-05-19 08:00","2020","05","19","08:00"
"-79.37","43.86","TORONTO BUTTONVILLE A","6158409","2020-05-19 09:00","2020","05","19","09:00"
"-79.37","43.86","TORONTO BUTTONVILLE A","6158409","2020-05-19 10:00","2020","05","19","10:00"
"-79.37","43.86","TORONTO BUTTONVILLE A","6158409","2020-05-19 11:00","2020","05","19","11:00"
"-79.37","43.86","TORONTO BUTTONVILLE A","6158409","2020-05-19 12:00","2020","05","19","12:00"
"-79.37","43.86","TORONTO BUTTONVILLE A","6158409","2020-05-19 13:00","2020","05","19","13:00"
"-79.37","43.86","TORONTO BUTTONVILLE A","6158409","2020-05-19 14:00","2020","05","19","14:00"
"-79.37","43.86","TORONTO BUTTONVILLE A","6158409","2020-05-19 15:00","2020","05","19","15:00"
"-79.37","43.86","TORONTO BUTTONVILLE A","6158409","2020-05-19 16:00","2020","05","19","16:00"
"-79.37","43.86","TORONTO BUTTONVILLE A","6158409","2020-05-19 17:00","2020","05","19","17:00"
"-79.37","43.86","TORONTO BUTTONVILLE A","6158409","2020-05-19 18:00","2020","05","19","18:00"
"-79.37","43.86","TORONTO BUTTONVILLE A","6158409","2020-05-19 19:00","2020","05","19","19:00"
"-79.37","43.86","TORONTO BUTTONVILLE A","6158409","2020-05-19 20:00","2020","05","19","20:00"
"-79.37","43.86","TORONTO BUTTONVILLE A","6158409","2020-05-19 21:00","2020","05","19","21:00"
"-79.37","43.86","TORONTO BUTTONVILLE A","6158409","2020-05-19 22:00","2020","05","19","22:00"
"-79.37","43.86","TORONTO BUTTONVILLE A","6158409","2020-05-19 23:00","2020","05","19","23:00"
"-79.37","43.86","TORONTO BUTTONVILLE A","6158409","2020-05-20 00:00","2020","05","20","00:00"
"-79.37","43.86","TORONTO BUTTONVILLE A","6158409","2020-05-20 01:00","2020","05","20","01:00"
"-79.37","43.86","TORONTO BUTTONVILLE A","6158409","2020-05-20 02:00","2020","05","20","02:00"
"-79.37","43.86","TORONTO BUTTONVILLE A","6158409","2020-05-20 03:00","2020","05","20","03:00"
"-79.37","43.86","TORONTO BUTTONVILLE A","6158409","2020-05-20 04:00","2020","05","20","04:00"
"-79.37","43.86","TORONTO BUTTONVILLE A","6158409","2020-05-20 05:00","2020","05","20","05:00"
"-79.37","43.86","TORONTO BUTTONVILLE A","6158409","2020-05-20 06:00","2020","05","20","06:00"
"-79.37","43.86","TORONTO BUTTONVILLE A","6158409","2020-05-20 07:00","2020","05","20","07:00"
"-79.37","43.86","TORONTO BUTTONVILLE A","6158409","2020-05-20 08:00","2020","05","20","08:00"
"-79.37","43.86","TORONTO BUTTONVILLE A","6158409","2020-05-20 09:00","2020","05","20","09:00"
"-79.37","43.86","TORONTO BUTTONVILLE A","6158409","2020-05-20 10:00","2020","05","20","10:00"
"-79.37","43.86","TORONTO BUTTONVILLE A","6158409","2020-05-20 11:00","2020","05","20","11:00"
"-79.37","43.86","TORONTO BUTTONVILLE A","6158409","2020-05-20 12:00","2020","05","20","12:00"
"-79.37","43.86","TORONTO BUTTONVILLE A","6158409","2020-05-20 13:00","2020","05","20","13:00"
"-79.37","43.86","TORONTO BUTTONVILLE A","6158409","2020-05-20 14:00","2020","05","20","14:00"
"-79.37","43.86","TORONTO BUTTONVILLE A","6158409","2020-05-20 15:00","2020","05","20","15:00"
"-79.37","43.86","TORONTO BUTTONVILLE A","6158409","2020-05-20 16:00","2020","05","20","16:00"
"-79.37","43.86","TORONTO BUTTONVILLE A","6158409","2020-05-20 17:00","2020","05","20","17:00"
"-79.37","43.86","TORONTO BUTTONVILLE A","6158409","2020-05-20 18:00","2020","05","20","18:00"
"-79.37","43.86","TORONTO BUTTONVILLE A","6158409","2020-05-20 19:00","2020","05","20","19:00"
"-79.37","43.86","TORONTO BUTTONVILLE A","6158409","2020-05-20 20:00","2020","05","20","20:00"
"-79.37","43.86","TORONTO BUTTONVILLE A","6158409","2020-05-20 21:00","2020","05","20","21:00"
"-79.37","43.86","TORONTO BUTTONVILLE A","6158409","2020-05-20 22:00","2020","05","20","22:00"
"-79.37","43.86","TORONTO BUTTONVILLE A","6158409","2020-05-20 23:00","2020","05","20","23:00"
"-79.37","43.86","TORONTO BUTTONVILLE A","6158409","2020-05-21 00:00","2020","05","21","00:00"
"-79.37","43.86","TORONTO BUTTONVILLE A","6158409","2020-05-21 01:00","2020","05","21","01:00"
"-79.37","43.86","TORONTO BUTTONVILLE A","6158409","2020-05-21 02:00","2020","05","21","02:00"
"-79.37","43.86","TORONTO BUTTONVILLE A","6158409","2020-05-21 03:00","2020","05","21","03:00"
"-79.37","43.86","TORONTO BUTTONVILLE A","6158409","2020-05-21 04:00","2020","05","21","04:00"
"-79.37","43.86","TORONTO BUTTONVILLE A","6158409","2020-05-21 05:00","2020","05","21","05:00"
"-79.37","43.86","TORONTO BUTTONVILLE A","6158409","2020-05-21 06:00","2020","05","21","06:00"
"-79.37","43.86","TORONTO BUTTONVILLE A","6158409","2020-05-21 07:00","2020","05","21","07:00"
"-79.37","43.86","TORONTO BUTTONVILLE A","6158409","2020-05-21 08:00","2020","05","21","08:00"
"-79.37","43.86","TORONTO BUTTONVILLE A","6158409","2020-05-21 09:00","2020","05","21","09:00"
"-79.37","43.86","TORONTO BUTTONVILLE A","6158409","2020-05-21 10:00","2020","05","21","10:00"
"-79.37","43.86","TORONTO BUTTONVILLE A","6158409","2020-05-21 11:00","2020","05","21","11:00"
"-79.37","43.86","TORONTO BUTTONVILLE A","6158409","2020-05-21 12:00","2020","05","21","12:00"
"-79.37","43.86","TORONTO BUTTONVILLE A","6158409","2020-05-21 13:00","2020","05","21","13:00"
"-79.37","43.86","TORONTO BUTTONVILLE A","6158409","2020-05-21 14:00","2020","05","21","14:00"
"-79.37","43.86","TORONTO BUTTONVILLE A","6158409","2020-05-21 15:00","2020","05","21","15:00"
"-79.37","43.86","TORONTO BUTTONVILLE A","6158409","2020-05-21 16:00","2020","05","21","16:00"
"-79.37","43.86","TORONTO BUTTONVILLE A","6158409","2020-05-21 17:00","2020","05","21","17:00"
"-79.37","43.86","TORONTO BUTTONVILLE A","6158409","2020-05-21 18:00","2020","05","21","18:00"
"-79.37","43.86","TORONTO BUTTONVILLE A","6158409","2020-05-21 19:00","2020","05","21","19:00"
"-79.37","43.86","TORONTO BUTTONVILLE A","6158409","2020-05-21 20:00","2020","05","21","20:00"
"-79.37","43.86","TORONTO BUTTONVILLE A","6158409","2020-05-21 21:00","2020","05","21","21:00"
"-79.37","43.86","TORONTO BUTTONVILLE A","6158409","2020-05-21 22:00","2020","05","21","22:00"
"-79.37","43.86","TORONTO BUTTONVILLE A","6158409","2020-05-21 23:00","2020","05","21","23:00"
"-79.37","43.86","TORONTO BUTTONVILLE A","6158409","2020-05-22 00:00","2020","05","22","00:00"
"-79.37","43.86","TORONTO BUTTONVILLE A","6158409","2020-05-22 01:00","2020","05","22","01:00"
"-79.37","43.86","TORONTO BUTTONVILLE A","6158409","2020-05-22 02:00","2020","05","22","02:00"
"-79.37","43.86","TORONTO BUTTONVILLE A","6158409","2020-05-22 03:00","2020","05","22","03:00"
"-79.37","43.86","TORONTO BUTTONVILLE A","6158409","2020-05-22 04:00","2020","05","22","04:00"
"-79.37","43.86","TORONTO BUTTONVILLE A","6158409","2020-05-22 05:00","2020","05","22","05:00"
"-79.37","43.86","TORONTO BUTTONVILLE A","6158409","2020-05-22 06:00","2020","05","22","06:00"
"-79.37","43.86","TORONTO BUTTONVILLE A","6158409","2020-05-22 07:00","2020","05","22","07:00"
"-79.37","43.86","TORONTO BUTTONVILLE A","6158409","2020-05-22 08:00","2020","05","22","08:00"
"-79.37","43.86","TORONTO BUTTONVILLE A","6158409","2020-05-22 09:00","2020","05","22","09:00"
"-79.37","43.86","TORONTO BUTTONVILLE A","6158409","2020-05-22 10:00","2020","05","22","10:00"
"-79.37","43.86","TORONTO BUTTONVILLE A","6158409","2020-05-22 11:00","2020","05","22","11:00"
"-79.37","43.86","TORONTO BUTTONVILLE A","6158409","2020-05-22 12:00","2020","05","22","12:00"
"-79.37","43.86","TORONTO BUTTONVILLE A","6158409","2020-05-22 13:00","2020","05","22","13:00"
"-79.37","43.86","TORONTO BUTTONVILLE A","6158409","2020-05-22 14:00","2020","05","22","14:00"
"-79.37","43.86","TORONTO BUTTONVILLE A","6158409","2020-05-22 15:00","2020","05","22","15:00"
"-79.37","43.86","TORONTO BUTTONVILLE A","6158409","2020-05-22 16:00","2020","05","22","16:00"
"-79.37","43.86","TORONTO BUTTONVILLE A","6158409","2020-05-22 17:00","2020","05","22","17:00"
"-79.37","43.86","TORONTO BUTTONVILLE A","6158409","2020-05-22 18:00","2020","05","22","18:00"
"-79.37","43.86","TORONTO BUTTONVILLE A","6158409","2020-05-22 19:00","2020","05","22","19:00"
"-79.37","43.86","TORONTO BUTTONVILLE A","6158409","2020-05-22 20:00","2020","05","22","20:00"
"-79.37","43.86","TORONTO BUTTONVILLE A","6158409","2020-05-22 21:00","2020","05","22","21:00"
"-79.37","43.86","TORONTO BUTTONVILLE A","6158409","2020-05-22 22:00","2020","05","22","22:00"
"-79.37","43.86","TORONTO BUTTONVILLE A","6158409","2020-05-22 23:00","2020","05","22","23:00"
"-79.37","43.86","TORONTO BUTTONVILLE A","6158409","2020-05-23 00:00","2020","05","23","00:00"
"-79.37","43.86","TORONTO BUTTONVILLE A","6158409","2020-05-23 01:00","2020","05","23","01:00"
"-79.37","43.86","TORONTO BUTTONVILLE A","6158409","2020-05-23 02:00","2020","05","23","02:00"
"-79.37","43.86","TORONTO BUTTONVILLE A","6158409","2020-05-23 03:00","2020","05","23","03:00"
"-79.37","43.86","TORONTO BUTTONVILLE A","6158409","2020-05-23 04:00","2020","05","23","04:00"
"-79.37","43.86","TORONTO BUTTONVILLE A","6158409","2020-05-23 05:00","2020","05","23","05:00"
"-79.37","43.86","TORONTO BUTTONVILLE A","6158409","2020-05-23 06:00","2020","05","23","06:00"
"-79.37","43.86","TORONTO BUTTONVILLE A","6158409","2020-05-23 07:00","2020","05","23","07:00"
"-79.37","43.86","TORONTO BUTTONVILLE A","6158409","2020-05-23 08:00","2020","05","23","08:00"
"-79.37","43.86","TORONTO BUTTONVILLE A","6158409","2020-05-23 09:00","2020","05","23","09:00"
"-79.37","43.86","TORONTO BUTTONVILLE A","6158409","2020-05-23 10:00","2020","05","23","10:00"
"-79.37","43.86","TORONTO BUTTONVILLE A","6158409","2020-05-23 11:00","2020","05","23","11:00"
"-79.37","43.86","TORONTO BUTTONVILLE A","6158409","2020-05-23 12:00","2020","05","23","12:00"
"-79.37","43.86","TORONTO BUTTONVILLE A","6158409","2020-05-23 13:00","2020","05","23","13:00"
"-79.37","43.86","TORONTO BUTTONVILLE A","6158409","2020-05-23 14:00","2020","05","23","14:00"
"-79.37","43.86","TORONTO BUTTONVILLE A","6158409","2020-05-23 15:00","2020","05","23","15:00"
"-79.37","43.86","TORONTO BUTTONVILLE A","6158409","2020-05-23 16:00","2020","05","23","16:00"
"-79.37","43.86","TORONTO BUTTONVILLE A","6158409","2020-05-23 17:00","2020","05","23","17:00"
"-79.37","43.86","TORONTO BUTTONVILLE A","6158409","2020-05-23 18:00","2020","05","23","18:00"
"-79.37","43.86","TORONTO BUTTONVILLE A","6158409","2020-05-23 19:00","2020","05","23","19:00"
"-79.37","43.86","TORONTO BUTTONVILLE A","6158409","2020-05-23 20:00","2020","05","23","20:00"
"-79.37","43.86","TORONTO BUTTONVILLE A","6158409","2020-05-23 21:00","2020","05","23","21:00"
"-79.37","43.86","TORONTO BUTTONVILLE A","6158409","2020-05-23 22:00","2020","05","23","22:00"
"-79.37","43.86","TORONTO BUTTONVILLE A","6158409","2020-05-23 23:00","2020","05","23","23:00"
"-79.37","43.86","TORONTO BUTTONVILLE A","6158409","2020-05-24 00:00","2020","05","24","00:00"
"-79.37","43.86","TORONTO BUTTONVILLE A","6158409","2020-05-24 01:00","2020","05","24","01:00"
"-79.37","43.86","TORONTO BUTTONVILLE A","6158409","2020-05-24 02:00","2020","05","24","02:00"
"-79.37","43.86","TORONTO BUTTONVILLE A","6158409","2020-05-24 03:00","2020","05","24","03:00"
"-79.37","43.86","TORONTO BUTTONVILLE A","6158409","2020-05-24 04:00","2020","05","24","04:00"
"-79.37","43.86","TORONTO BUTTONVILLE A","6158409","2020-05-24 05:00","2020","05","24","05:00"
"-79.37","43.86","TORONTO BUTTONVILLE A","6158409","2020-05-24 06:00","2020","05","24","06:00"
"-79.37","43.86","TORONTO BUTTONVILLE A","6158409","2020-05-24 07:00","2020","05","24","07:00"
"-79.37","43.86","TORONTO BUTTONVILLE A","6158409","2020-05-24 08:00","2020","05","24","08:00"
"-79.37","43.86","TORONTO BUTTONVILLE A","6158409","2020-05-24 09:00","2020","05","24","09:00"
"-79.37","43.86","TORONTO BUTTONVILLE A","6158409","2020-05-24 10:00","2020","05","24","10:00"
"-79.37","43.86","TORONTO BUTTONVILLE A","6158409","2020-05-24 11:00","2020","05","24","11:00"
"-79.37","43.86","TORONTO BUTTONVILLE A","6158409","2020-05-24 12:00","2020","05","24","12:00"
"-79.37","43.86","TORONTO BUTTONVILLE A","6158409","2020-05-24 13:00","2020","05","24","13:00"
"-79.37","43.86","TORONTO BUTTONVILLE A","6158409","2020-05-24 14:00","2020","05","24","14:00"
"-79.37","43.86","TORONTO BUTTONVILLE A","6158409","2020-05-24 15:00","2020","05","24","15:00"
"-79.37","43.86","TORONTO BUTTONVILLE A","6158409","2020-05-24 16:00","2020","05","24","16:00"
"-79.37","43.86","TORONTO BUTTONVILLE A","6158409","2020-05-24 17:00","2020","05","24","17:00"
"-79.37","43.86","TORONTO BUTTONVILLE A","6158409","2020-05-24 18:00","2020","05","24","18:00"
"-79.37","43.86","TORONTO BUTTONVILLE A","6158409","2020-05-24 19:00","2020","05","24","19:00"
"-79.37","43.86","TORONTO BUTTONVILLE A","6158409","2020-05-24 20:00","2020","05","24","20:00"
"-79.37","43.86","TORONTO BUTTONVILLE A","6158409","2020-05-24 21:00","2020","05","24","21:00"
"-79.37","43.86","TORONTO BUTTONVILLE A","6158409","2020-05-24 22:00","2020","05","24","22:00"
"-79.37","43.86","TORONTO BUTTONVILLE A","6158409","2020-05-24 23:00","2020","05","24","23:00"
"-79.37","43.86","TORONTO BUTTONVILLE A","6158409","2020-05-25 00:00","2020","05","25","00:00"
"-79.37","43.86","TORONTO BUTTONVILLE A","6158409","2020-05-25 01:00","2020","05","25","01:00"
"-79.37","43.86","TORONTO BUTTONVILLE A","6158409","2020-05-25 02:00","2020","05","25","02:00"
"-79.37","43.86","TORONTO BUTTONVILLE A","6158409","2020-05-25 03:00","2020","05","25","03:00"
"-79.37","43.86","TORONTO BUTTONVILLE A","6158409","2020-05-25 04:00","2020","05","25","04:00"
"-79.37","43.86","TORONTO BUTTONVILLE A","6158409","2020-05-25 05:00","2020","05","25","05:00"
"-79.37","43.86","TORONTO BUTTONVILLE A","6158409","2020-05-25 06:00","2020","05","25","06:00"
"-79.37","43.86","TORONTO BUTTONVILLE A","6158409","2020-05-25 07:00","2020","05","25","07:00"
"-79.37","43.86","TORONTO BUTTONVILLE A","6158409","2020-05-25 08:00","2020","05","25","08:00"
"-79.37","43.86","TORONTO BUTTONVILLE A","6158409","2020-05-25 09:00","2020","05","25","09:00"
"-79.37","43.86","TORONTO BUTTONVILLE A","6158409","2020-05-25 10:00","2020","05","25","10:00"
"-79.37","43.86","TORONTO BUTTONVILLE A","6158409","2020-05-25 11:00","2020","05","25","11:00"
"-79.37","43.86","TORONTO BUTTONVILLE A","6158409","2020-05-25 12:00","2020","05","25","12:00"
"-79.37","43.86","TORONTO BUTTONVILLE A","6158409","2020-05-25 13:00","2020","05","25","13:00"
"-79.37","43.86","TORONTO BUTTONVILLE A","6158409","2020-05-25 14:00","2020","05","25","14:00"
"-79.37","43.86","TORONTO BUTTONVILLE A","6158409","2020-05-25 15:00","2020","05","25","15:00"
"-79.37","43.86","TORONTO BUTTONVILLE A","6158409","2020-05-25 16:00","2020","05","25","16:00"
"-79.37","43.86","TORONTO BUTTONVILLE A","6158409","2020-05-25 17:00","2020","05","25","17:00"
"-79.37","43.86","TORONTO BUTTONVILLE A","6158409","2020-05-25 18:00","2020","05","25","18:00"
"-79.37","43.86","TORONTO BUTTONVILLE A","6158409","2020-05-25 19:00","2020","05","25","19:00"
"-79.37","43.86","TORONTO BUTTONVILLE A","6158409","2020-05-25 20:00","2020","05","25","20:00"
"-79.37","43.86","TORONTO BUTTONVILLE A","6158409","2020-05-25 21:00","2020","05","25","21:00"
"-79.37","43.86","TORONTO BUTTONVILLE A","6158409","2020-05-25 22:00","2020","05","25","22:00"
"-79.37","43.86","TORONTO BUTTONVILLE A","6158409","2020-05-25 23:00","2020","05","25","23:00"
"-79.37","43.86","TORONTO BUTTONVILLE A","6158409","2020-05-26 00:00","2020","05","26","00:00"
"-79.37","43.86","TORONTO BUTTONVILLE A","6158409","2020-05-26 01:00","2020","05","26","01:00"
"-79.37","43.86","TORONTO BUTTONVILLE A","6158409","2020-05-26 02:00","2020","05","26","02:00"
"-79.37","43.86","TORONTO BUTTONVILLE A","6158409","2020-05-26 03:00","2020","05","26","03:00"
"-79.37","43.86","TORONTO BUTTONVILLE A","6158409","2020-05-26 04:00","2020","05","26","04:00"
"-79.37","43.86","TORONTO BUTTONVILLE A","6158409","2020-05-26 05:00","2020","05","26","05:00"
"-79.37","43.86","TORONTO BUTTONVILLE A","6158409","2020-05-26 06:00","2020","05","26","06:00"
"-79.37","43.86","TORONTO BUTTONVILLE A","6158409","2020-05-26 07:00","2020","05","26","07:00"
"-79.37","43.86","TORONTO BUTTONVILLE A","6158409","2020-05-26 08:00","2020","05","26","08:00"
"-79.37","43.86","TORONTO BUTTONVILLE A","6158409","2020-05-26 09:00","2020","05","26","09:00"
"-79.37","43.86","TORONTO BUTTONVILLE A","6158409","2020-05-26 10:00","2020","05","26","10:00"
"-79.37","43.86","TORONTO BUTTONVILLE A","6158409","2020-05-26 11:00","2020","05","26","11:00"
"-79.37","43.86","TORONTO BUTTONVILLE A","6158409","2020-05-26 12:00","2020","05","26","12:00"
"-79.37","43.86","TORONTO BUTTONVILLE A","6158409","2020-05-26 13:00","2020","05","26","13:00"
"-79.37","43.86","TORONTO BUTTONVILLE A","6158409","2020-05-26 14:00","2020","05","26","14:00"
"-79.37","43.86","TORONTO BUTTONVILLE A","6158409","2020-05-26 15:00","2020","05","26","15:00"
"-79.37","43.86","TORONTO BUTTONVILLE A","6158409","2020-05-26 16:00","2020","05","26","16:00"
"-79.37","43.86","TORONTO BUTTONVILLE A","6158409","2020-05-26 17:00","2020","05","26","17:00"
"-79.37","43.86","TORONTO BUTTONVILLE A","6158409","2020-05-26 18:00","2020","05","26","18:00"
"-79.37","43.86","TORONTO BUTTONVILLE A","6158409","2020-05-26 19:00","2020","05","26","19:00"
"-79.37","43.86","TORONTO BUTTONVILLE A","6158409","2020-05-26 20:00","2020","05","26","20:00"
"-79.37","43.86","TORONTO BUTTONVILLE A","6158409","2020-05-26 21:00","2020","05","26","21:00"
"-79.37","43.86","TORONTO BUTTONVILLE A","6158409","2020-05-26 22:00","2020","05","26","22:00"
"-79.37","43.86","TORONTO BUTTONVILLE A","6158409","2020-05-26 23:00","2020","05","26","23:00"
"-79.37","43.86","TORONTO BUTTONVILLE A","6158409","2020-05-27 00:00","2020","05","27","00:00"
"-79.37","43.86","TORONTO BUTTONVILLE A","6158409","2020-05-27 01:00","2020","05","27","01:00"
"-79.37","43.86","TORONTO BUTTONVILLE A","6158409","2020-05-27 02:00","2020","05","27","02:00"
"-79.37","43.86","TORONTO BUTTONVILLE A","6158409","2020-05-27 03:00","2020","05","27","03:00"
"-79.37","43.86","TORONTO BUTTONVILLE A","6158409","2020-05-27 04:00","2020","05","27","04:00"
"-79.37","43.86","TORONTO BUTTONVILLE A","6158409","2020-05-27 05:00","2020","05","27","05:00"
"-79.37","43.86","TORONTO BUTTONVILLE A","6158409","2020-05-27 06:00","2020","05","27","06:00"
"-79.37","43.86","TORONTO BUTTONVILLE A","6158409","2020-05-27 07:00","2020","05","27","07:00"
"-79.37","43.86","TORONTO BUTTONVILLE A","6158409","2020-05-27 08:00","2020","05","27","08:00"
"-79.37","43.86","TORONTO BUTTONVILLE A","6158409","2020-05-27 09:00","2020","05","27","09:00"
"-79.37","43.86","TORONTO BUTTONVILLE A","6158409","2020-05-27 10:00","2020","05","27","10:00"
"-79.37","43.86","TORONTO BUTTONVILLE A","6158409","2020-05-27 11:00","2020","05","27","11:00"
"-79.37","43.86","TORONTO BUTTONVILLE A","6158409","2020-05-27 12:00","2020","05","27","12:00"
"-79.37","43.86","TORONTO BUTTONVILLE A","6158409","2020-05-27 13:00","2020","05","27","13:00"
"-79.37","43.86","TORONTO BUTTONVILLE A","6158409","2020-05-27 14:00","2020","05","27","14:00"
"-79.37","43.86","TORONTO BUTTONVILLE A","6158409","2020-05-27 15:00","2020","05","27","15:00"
"-79.37","43.86","TORONTO BUTTONVILLE A","6158409","2020-05-27 16:00","2020","05","27","16:00"
"-79.37","43.86","TORONTO BUTTONVILLE A","6158409","2020-05-27 17:00","2020","05","27","17:00"
"-79.37","43.86","TORONTO BUTTONVILLE A","6158409","2020-05-27 18:00","2020","05","27","18:00"
"-79.37","43.86","TORONTO BUTTONVILLE A","6158409","2020-05-27 19:00","2020","05","27","19:00"
"-79.37","43.86","TORONTO BUTTONVILLE A","6158409","2020-05-27 20:00","2020","05","27","20:00"
"-79.37","43.86","TORONTO BUTTONVILLE A","6158409","2020-05-27 21:00","2020","05","27","21:00"
"-79.37","43.86","TORONTO BUTTONVILLE A","6158409","2020-05-27 22:00","2020","05","27","22:00"
"-79.37","43.86","TORONTO BUTTONVILLE A","6158409","2020-05-27 23:00","2020","05","27","23:00"
"-79.37","43.86","TORONTO BUTTONVILLE A","6158409","2020-05-28 00:00","2020","05","28","00:00"
"-79.37","43.86","TORONTO BUTTONVILLE A","6158409","2020-05-28 01:00","2020","05","28","01:00"
"-79.37","43.86","TORONTO BUTTONVILLE A","6158409","2020-05-28 02:00","2020","05","28","02:00"
"-79.37","43.86","TORONTO BUTTONVILLE A","6158409","2020-05-28 03:00","2020","05","28","03:00"
"-79.37","43.86","TORONTO BUTTONVILLE A","6158409","2020-05-28 04:00","2020","05","28","04:00"
"-79.37","43.86","TORONTO BUTTONVILLE A","6158409","2020-05-28 05:00","2020","05","28","05:00"
"-79.37","43.86","TORONTO BUTTONVILLE A","6158409","2020-05-28 06:00","2020","05","28","06:00"
"-79.37","43.86","TORONTO BUTTONVILLE A","6158409","2020-05-28 07:00","2020","05","28","07:00"
"-79.37","43.86","TORONTO BUTTONVILLE A","6158409","2020-05-28 08:00","2020","05","28","08:00"
"-79.37","43.86","TORONTO BUTTONVILLE A","6158409","2020-05-28 09:00","2020","05","28","09:00"
"-79.37","43.86","TORONTO BUTTONVILLE A","6158409","2020-05-28 10:00","2020","05","28","10:00"
"-79.37","43.86","TORONTO BUTTONVILLE A","6158409","2020-05-28 11:00","2020","05","28","11:00"
"-79.37","43.86","TORONTO BUTTONVILLE A","6158409","2020-05-28 12:00","2020","05","28","12:00"
"-79.37","43.86","TORONTO BUTTONVILLE A","6158409","2020-05-28 13:00","2020","05","28","13:00"
"-79.37","43.86","TORONTO BUTTONVILLE A","6158409","2020-05-28 14:00","2020","05","28","14:00"
"-79.37","43.86","TORONTO BUTTONVILLE A","6158409","2020-05-28 15:00","2020","05","28","15:00"
"-79.37","43.86","TORONTO BUTTONVILLE A","6158409","2020-05-28 16:00","2020","05","28","16:00"
"-79.37","43.86","TORONTO BUTTONVILLE A","6158409","2020-05-28 17:00","2020","05","28","17:00"
"-79.37","43.86","TORONTO BUTTONVILLE A","6158409","2020-05-28 18:00","2020","05","28","18:00"
"-79.37","43.86","TORONTO BUTTONVILLE A","6158409","2020-05-28 19:00","2020","05","28","19:00"
"-79.37","43.86","TORONTO BUTTONVILLE A","6158409","2020-05-28 20:00","2020","05","28","20:00"
"-79.37","43.86","TORONTO BUTTONVILLE A","6158409","2020-05-28 21:00","2020","05","28","21:00"
"-79.37","43.86","TORONTO BUTTONVILLE A","6158409","2020-05-28 22:00","2020","05","28","22:00"
"-79.37","43.86","TORONTO BUTTONVILLE A","6158409","2020-05-28 23:00","2020","05","28","23:00"
"-79.37","43.86","TORONTO BUTTONVILLE A","6158409","2020-05-29 00:00","2020","05","29","00:00"
"-79.37","43.86","TORONTO BUTTONVILLE A","6158409","2020-05-29 01:00","2020","05","29","01:00"
"-79.37","43.86","TORONTO BUTTONVILLE A","6158409","2020-05-29 02:00","2020","05","29","02:00"
"-79.37","43.86","TORONTO BUTTONVILLE A","6158409","2020-05-29 03:00","2020","05","29","03:00"
"-79.37","43.86","TORONTO BUTTONVILLE A","6158409","2020-05-29 04:00","2020","05","29","04:00"
"-79.37","43.86","TORONTO BUTTONVILLE A","6158409","2020-05-29 05:00","2020","05","29","05:00"
"-79.37","43.86","TORONTO BUTTONVILLE A","6158409","2020-05-29 06:00","2020","05","29","06:00"
"-79.37","43.86","TORONTO BUTTONVILLE A","6158409","2020-05-29 07:00","2020","05","29","07:00"
"-79.37","43.86","TORONTO BUTTONVILLE A","6158409","2020-05-29 08:00","2020","05","29","08:00"
"-79.37","43.86","TORONTO BUTTONVILLE A","6158409","2020-05-29 09:00","2020","05","29","09:00"
"-79.37","43.86","TORONTO BUTTONVILLE A","6158409","2020-05-29 10:00","2020","05","29","10:00"
"-79.37","43.86","TORONTO BUTTONVILLE A","6158409","2020-05-29 11:00","2020","05","29","11:00"
"-79.37","43.86","TORONTO BUTTONVILLE A","6158409","2020-05-29 12:00","2020","05","29","12:00"
"-79.37","43.86","TORONTO BUTTONVILLE A","6158409","2020-05-29 13:00","2020","05","29","13:00"
"-79.37","43.86","TORONTO BUTTONVILLE A","6158409","2020-05-29 14:00","2020","05","29","14:00"
"-79.37","43.86","TORONTO BUTTONVILLE A","6158409","2020-05-29 15:00","2020","05","29","15:00"
"-79.37","43.86","TORONTO BUTTONVILLE A","6158409","2020-05-29 16:00","2020","05","29","16:00"
"-79.37","43.86","TORONTO BUTTONVILLE A","6158409","2020-05-29 17:00","2020","05","29","17:00"
"-79.37","43.86","TORONTO BUTTONVILLE A","6158409","2020-05-29 18:00","2020","05","29","18:00"
"-79.37","43.86","TORONTO BUTTONVILLE A","6158409","2020-05-29 19:00","2020","05","29","19:00"
"-79.37","43.86","TORONTO BUTTONVILLE A","6158409","2020-05-29 20:00","2020","05","29","20:00"
"-79.37","43.86","TORONTO BUTTONVILLE A","6158409","2020-05-29 21:00","2020","05","29","21:00"
"-79.37","43.86","TORONTO BUTTONVILLE A","6158409","2020-05-29 22:00","2020","05","29","22:00"
"-79.37","43.86","TORONTO BUTTONVILLE A","6158409","2020-05-29 23:00","2020","05","29","23:00"
"-79.37","43.86","TORONTO BUTTONVILLE A","6158409","2020-05-30 00:00","2020","05","30","00:00"
"-79.37","43.86","TORONTO BUTTONVILLE A","6158409","2020-05-30 01:00","2020","05","30","01:00"
"-79.37","43.86","TORONTO BUTTONVILLE A","6158409","2020-05-30 02:00","2020","05","30","02:00"
"-79.37","43.86","TORONTO BUTTONVILLE A","6158409","2020-05-30 03:00","2020","05","30","03:00"
"-79.37","43.86","TORONTO BUTTONVILLE A","6158409","2020-05-30 04:00","2020","05","30","04:00"
"-79.37","43.86","TORONTO BUTTONVILLE A","6158409","2020-05-30 05:00","2020","05","30","05:00"
"-79.37","43.86","TORONTO BUTTONVILLE A","6158409","2020-05-30 06:00","2020","05","30","06:00"
"-79.37","43.86","TORONTO BUTTONVILLE A","6158409","2020-05-30 07:00","2020","05","30","07:00"
"-79.37","43.86","TORONTO BUTTONVILLE A","6158409","2020-05-30 08:00","2020","05","30","08:00"
"-79.37","43.86","TORONTO BUTTONVILLE A","6158409","2020-05-30 09:00","2020","05","30","09:00"
"-79.37","43.86","TORONTO BUTTONVILLE A","6158409","2020-05-30 10:00","2020","05","30","10:00"
"-79.37","43.86","TORONTO BUTTONVILLE A","6158409","2020-05-30 11:00","2020","05","30","11:00"
"-79.37","43.86","TORONTO BUTTONVILLE A","6158409","2020-05-30 12:00","2020","05","30","12:00"
"-79.37","43.86","TORONTO BUTTONVILLE A","6158409","2020-05-30 13:00","2020","05","30","13:00"
"-79.37","43.86","TORONTO BUTTONVILLE A","6158409","2020-05-30 14:00","2020","05","30","14:00"
"-79.37","43.86","TORONTO BUTTONVILLE A","6158409","2020-05-30 15:00","2020","05","30","15:00"
"-79.37","43.86","TORONTO BUTTONVILLE A","6158409","2020-05-30 16:00","2020","05","30","16:00"
"-79.37","43.86","TORONTO BUTTONVILLE A","6158409","2020-05-30 17:00","2020","05","30","17:00"
"-79.37","43.86","TORONTO BUTTONVILLE A","6158409","2020-05-30 18:00","2020","05","30","18:00"
"-79.37","43.86","TORONTO BUTTONVILLE A","6158409","2020-05-30 19:00","2020","05","30","19:00"
"-79.37","43.86","TORONTO BUTTONVILLE A","6158409","2020-05-30 20:00","2020","05","30","20:00"
"-79.37","43.86","TORONTO BUTTONVILLE A","6158409","2020-05-30 21:00","2020","05","30","21:00"
"-79.37","43.86","TORONTO BUTTONVILLE A","6158409","2020-05-30 22:00","2020","05","30","22:00"
"-79.37","43.86","TORONTO BUTTONVILLE A","6158409","2020-05-30 23:00","2020","05","30","23:00"
"-79.37","43.86","TORONTO BUTTONVILLE A","6158409","2020-05-31 00:00","2020","05","31","00:00"
"-79.37","43.86","TORONTO BUTTONVILLE A","6158409","2020-05-31 01:00","2020","05","31","01:00"
"-79.37","43.86","TORONTO BUTTONVILLE A","6158409","2020-05-31 02:00","2020","05","31","02:00"
"-79.37","43.86","TORONTO BUTTONVILLE A","6158409","2020-05-31 03:00","2020","05","31","03:00"
"-79.37","43.86","TORONTO BUTTONVILLE A","6158409","2020-05-31 04:00","2020","05","31","04:00"
"-79.37","43.86","TORONTO BUTTONVILLE A","6158409","2020-05-31 05:00","2020","05","31","05:00"
"-79.37","43.86","TORONTO BUTTONVILLE A","6158409","2020-05-31 06:00","2020","05","31","06:00"
"-79.37","43.86","TORONTO BUTTONVILLE A","6158409","2020-05-31 07:00","2020","05","31","07:00"
"-79.37","43.86","TORONTO BUTTONVILLE A","6158409","2020-05-31 08:00","2020","05","31","08:00"
"-79.37","43.86","TORONTO BUTTONVILLE A","6158409","2020-05-31 09:00","2020","05","31","09:00"
"-79.37","43.86","TORONTO BUTTONVILLE A","6158409","2020-05-31 10:00","2020","05","31","10:00"
"-79.37","43.86","TORONTO BUTTONVILLE A","6158409","2020-05-31 11:00","2020","05","31","11:00"
"-79.37","43.86","TORONTO BUTTONVILLE A","6158409","2020-05-31 12:00","2020","05","31","12:00"
"-79.37","43.86","TORONTO BUTTONVILLE A","6158409","2020-05-31 13:00","2020","05","31","13:00"
"-79.37","43.86","TORONTO BUTTONVILLE A","6158409","2020-05-31 14:00","2020","05","31","14:00"
"-79.37","43.86","TORONTO BUTTONVILLE A","6158409","2020-05-31 15:00","2020","05","31","15:00"
"-79.37","43.86","TORONTO BUTTONVILLE A","6158409","2020-05-31 16:00","2020","05","31","16:00"
"-79.37","43.86","TORONTO BUTTONVILLE A","6158409","2020-05-31 17:00","2020","05","31","17:00"
"-79.37","43.86","TORONTO BUTTONVILLE A","6158409","2020-05-31 18:00","2020","05","31","18:00"
"-79.37","43.86","TORONTO BUTTONVILLE A","6158409","2020-05-31 19:00","2020","05","31","19:00"
"-79.37","43.86","TORONTO BUTTONVILLE A","6158409","2020-05-31 20:00","2020","05","31","20:00"
"-79.37","43.86","TORONTO BUTTONVILLE A","6158409","2020-05-31 21:00","2020","05","31","21:00"
"-79.37","43.86","TORONTO BUTTONVILLE A","6158409","2020-05-31 22:00","2020","05","31","22:00"
"-79.37","43.86","TORONTO BUTTONVILLE A","6158409","2020-05-31 23:00","2020","05","31","23:00"
